"subid","site","state","utterance","judgment"
"13","US","1","terrible",1
"13","US","3","bad",0
"13","US","3","terrible",0
"13","US","3","amazing",0
"13","US","5","good",1
"13","US","4","okay",1
"13","US","5","bad",0
"13","US","4","amazing",1
"13","US","2","okay",0
"13","US","1","amazing",0
"13","US","5","okay",0
"13","US","2","bad",1
"13","US","5","amazing",1
"13","US","1","good",0
"13","US","5","terrible",0
"13","US","4","good",1
"13","US","2","amazing",0
"13","US","1","bad",1
"13","US","4","terrible",0
"13","US","3","good",1
"13","US","3","okay",1
"13","US","1","okay",0
"13","US","4","bad",0
"13","US","2","good",0
"13","US","2","terrible",1
"16","US","1","good",0
"16","US","3","terrible",0
"16","US","2","good",0
"16","US","3","good",0
"16","US","4","amazing",1
"16","US","4","terrible",0
"16","US","4","okay",1
"16","US","1","bad",1
"16","US","5","amazing",1
"16","US","5","good",1
"16","US","1","okay",0
"16","US","2","okay",0
"16","US","5","bad",0
"16","US","1","amazing",0
"16","US","3","okay",1
"16","US","2","terrible",1
"16","US","4","bad",0
"16","US","3","amazing",0
"16","US","4","good",1
"16","US","2","bad",1
"16","US","5","okay",1
"16","US","1","terrible",1
"16","US","2","amazing",0
"16","US","5","terrible",0
"16","US","3","bad",0
"18","US","3","bad",0
"18","US","1","terrible",1
"18","US","3","okay",1
"18","US","5","amazing",1
"18","US","3","good",1
"18","US","2","amazing",0
"18","US","2","bad",1
"18","US","4","amazing",1
"18","US","5","okay",1
"18","US","4","terrible",0
"18","US","5","bad",0
"18","US","3","terrible",0
"18","US","1","amazing",0
"18","US","2","okay",0
"18","US","3","amazing",0
"18","US","1","good",0
"18","US","5","terrible",0
"18","US","5","good",1
"18","US","2","good",0
"18","US","1","okay",0
"18","US","1","bad",1
"18","US","4","okay",1
"18","US","4","bad",0
"18","US","2","terrible",1
"18","US","4","good",1
"20","US","4","good",1
"20","US","4","terrible",0
"20","US","5","bad",0
"20","US","5","okay",0
"20","US","3","amazing",0
"20","US","1","good",0
"20","US","5","amazing",1
"20","US","2","amazing",0
"20","US","2","okay",0
"20","US","5","terrible",0
"20","US","2","bad",1
"20","US","2","terrible",0
"20","US","1","bad",0
"20","US","2","good",0
"20","US","3","okay",1
"20","US","1","terrible",1
"20","US","3","bad",0
"20","US","3","good",1
"20","US","1","okay",0
"20","US","5","good",0
"20","US","1","amazing",0
"20","US","4","amazing",1
"20","US","4","okay",1
"20","US","3","terrible",0
"20","US","4","bad",0
"21","US","4","good",1
"21","US","4","amazing",0
"21","US","5","terrible",0
"21","US","2","good",0
"21","US","5","bad",0
"21","US","1","amazing",0
"21","US","2","bad",1
"21","US","1","okay",0
"21","US","3","okay",1
"21","US","4","bad",0
"21","US","3","amazing",0
"21","US","2","amazing",0
"21","US","1","terrible",1
"21","US","5","okay",0
"21","US","4","okay",0
"21","US","1","bad",1
"21","US","5","amazing",1
"21","US","2","terrible",1
"21","US","1","good",0
"21","US","2","okay",0
"21","US","4","terrible",0
"21","US","5","good",1
"21","US","3","terrible",0
"21","US","3","bad",0
"21","US","3","good",0
"23","US","2","amazing",0
"23","US","5","okay",0
"23","US","4","terrible",0
"23","US","4","okay",0
"23","US","1","bad",1
"23","US","2","terrible",1
"23","US","4","bad",0
"23","US","4","amazing",1
"23","US","5","good",1
"23","US","5","bad",0
"23","US","3","amazing",0
"23","US","5","terrible",0
"23","US","1","okay",0
"23","US","5","amazing",1
"23","US","3","terrible",0
"23","US","2","good",0
"23","US","4","good",1
"23","US","2","okay",0
"23","US","1","terrible",1
"23","US","1","good",0
"23","US","3","okay",1
"23","US","3","bad",0
"23","US","2","bad",1
"23","US","3","good",0
"23","US","1","amazing",0
"26","US","5","okay",0
"26","US","2","amazing",0
"26","US","2","terrible",1
"26","US","5","terrible",0
"26","US","4","okay",0
"26","US","3","good",1
"26","US","2","good",0
"26","US","4","amazing",1
"26","US","1","okay",0
"26","US","1","amazing",0
"26","US","1","terrible",1
"26","US","3","amazing",0
"26","US","5","good",1
"26","US","4","good",1
"26","US","3","terrible",0
"26","US","1","bad",1
"26","US","4","terrible",0
"26","US","2","bad",1
"26","US","3","okay",1
"26","US","1","good",0
"26","US","3","bad",0
"26","US","2","okay",0
"26","US","5","amazing",1
"26","US","4","bad",0
"26","US","5","bad",0
"27","US","4","terrible",0
"27","US","3","terrible",0
"27","US","3","amazing",0
"27","US","4","amazing",1
"27","US","1","bad",1
"27","US","5","terrible",0
"27","US","5","bad",0
"27","US","5","good",1
"27","US","4","bad",0
"27","US","2","good",0
"27","US","5","amazing",1
"27","US","2","amazing",0
"27","US","1","good",0
"27","US","3","good",0
"27","US","1","amazing",0
"27","US","4","good",1
"27","US","4","okay",1
"27","US","2","terrible",0
"27","US","2","okay",0
"27","US","2","bad",1
"27","US","3","bad",0
"27","US","1","okay",0
"27","US","3","okay",1
"27","US","5","okay",0
"27","US","1","terrible",1
"30","US","2","bad",1
"30","US","2","amazing",0
"30","US","4","okay",1
"30","US","1","amazing",0
"30","US","1","bad",1
"30","US","3","amazing",0
"30","US","5","terrible",0
"30","US","5","bad",0
"30","US","3","bad",0
"30","US","4","bad",0
"30","US","5","amazing",1
"30","US","2","good",0
"30","US","4","amazing",0
"30","US","1","good",0
"30","US","1","terrible",1
"30","US","3","terrible",0
"30","US","2","terrible",0
"30","US","3","okay",1
"30","US","2","okay",0
"30","US","5","good",1
"30","US","4","good",1
"30","US","3","good",1
"30","US","5","okay",0
"30","US","1","okay",0
"30","US","4","terrible",0
"32","US","1","terrible",0
"32","US","2","amazing",0
"32","US","4","amazing",1
"32","US","2","terrible",0
"32","US","2","bad",0
"32","US","4","bad",0
"32","US","3","amazing",1
"32","US","4","good",0
"32","US","2","good",1
"32","US","5","amazing",1
"32","US","5","good",1
"32","US","1","good",0
"32","US","1","bad",1
"32","US","1","amazing",0
"32","US","5","bad",0
"32","US","3","okay",1
"32","US","3","terrible",0
"32","US","1","okay",0
"32","US","4","terrible",0
"32","US","2","okay",1
"32","US","4","okay",1
"32","US","5","okay",1
"32","US","3","bad",0
"32","US","3","good",1
"32","US","5","terrible",0
"33","US","2","good",0
"33","US","3","terrible",0
"33","US","4","good",1
"33","US","2","bad",1
"33","US","2","terrible",1
"33","US","2","okay",1
"33","US","3","good",0
"33","US","5","bad",0
"33","US","3","amazing",0
"33","US","1","amazing",0
"33","US","5","terrible",0
"33","US","1","terrible",1
"33","US","4","terrible",0
"33","US","5","amazing",1
"33","US","4","bad",0
"33","US","5","good",1
"33","US","3","bad",0
"33","US","4","okay",1
"33","US","4","amazing",1
"33","US","1","good",0
"33","US","2","amazing",0
"33","US","3","okay",1
"33","US","5","okay",1
"33","US","1","okay",0
"33","US","1","bad",1
"34","US","4","good",1
"34","US","1","amazing",0
"34","US","2","terrible",0
"34","US","5","good",1
"34","US","1","good",0
"34","US","5","terrible",0
"34","US","3","bad",0
"34","US","1","bad",1
"34","US","5","bad",0
"34","US","4","amazing",0
"34","US","5","amazing",1
"34","US","2","good",0
"34","US","2","okay",1
"34","US","3","good",1
"34","US","5","okay",0
"34","US","1","terrible",1
"34","US","2","amazing",0
"34","US","3","okay",1
"34","US","4","terrible",0
"34","US","4","bad",0
"34","US","1","okay",0
"34","US","3","amazing",0
"34","US","3","terrible",0
"34","US","4","okay",0
"34","US","2","bad",1
"37","US","5","good",1
"37","US","4","amazing",1
"37","US","4","good",1
"37","US","5","amazing",1
"37","US","3","bad",0
"37","US","2","okay",0
"37","US","3","amazing",0
"37","US","2","good",0
"37","US","3","good",0
"37","US","3","terrible",0
"37","US","5","terrible",0
"37","US","1","terrible",1
"37","US","1","amazing",0
"37","US","3","okay",1
"37","US","1","good",0
"37","US","1","bad",1
"37","US","5","bad",0
"37","US","1","okay",0
"37","US","4","bad",0
"37","US","2","bad",1
"37","US","2","amazing",0
"37","US","2","terrible",1
"37","US","4","terrible",0
"37","US","5","okay",0
"37","US","4","okay",0
"38","US","4","bad",0
"38","US","5","terrible",0
"38","US","1","bad",1
"38","US","5","amazing",1
"38","US","1","amazing",0
"38","US","1","okay",0
"38","US","2","amazing",0
"38","US","2","good",0
"38","US","5","bad",0
"38","US","3","amazing",0
"38","US","5","okay",1
"38","US","3","good",1
"38","US","3","okay",1
"38","US","4","good",1
"38","US","3","terrible",0
"38","US","2","terrible",0
"38","US","4","amazing",0
"38","US","4","terrible",0
"38","US","2","okay",0
"38","US","3","bad",0
"38","US","1","terrible",1
"38","US","4","okay",1
"38","US","1","good",0
"38","US","2","bad",1
"38","US","5","good",1
"41","US","4","good",1
"41","US","4","okay",1
"41","US","5","amazing",1
"41","US","1","okay",0
"41","US","1","good",0
"41","US","3","terrible",0
"41","US","2","amazing",0
"41","US","2","good",0
"41","US","4","terrible",0
"41","US","5","terrible",0
"41","US","2","okay",0
"41","US","3","good",0
"41","US","3","amazing",0
"41","US","4","amazing",1
"41","US","1","bad",1
"41","US","1","terrible",1
"41","US","3","okay",1
"41","US","4","bad",0
"41","US","5","good",1
"41","US","2","terrible",0
"41","US","5","okay",0
"41","US","5","bad",0
"41","US","3","bad",0
"41","US","2","bad",1
"41","US","1","amazing",0
"43","US","3","good",1
"43","US","5","amazing",1
"43","US","4","amazing",1
"43","US","4","bad",0
"43","US","3","amazing",0
"43","US","2","okay",1
"43","US","2","good",0
"43","US","4","good",1
"43","US","1","okay",0
"43","US","3","terrible",0
"43","US","2","amazing",0
"43","US","4","terrible",0
"43","US","5","okay",0
"43","US","1","amazing",0
"43","US","1","terrible",1
"43","US","2","terrible",0
"43","US","3","okay",1
"43","US","5","good",0
"43","US","1","good",0
"43","US","5","bad",0
"43","US","5","terrible",0
"43","US","1","bad",1
"43","US","3","bad",0
"43","US","2","bad",0
"43","US","4","okay",0
"44","US","5","bad",0
"44","US","4","okay",1
"44","US","3","amazing",0
"44","US","4","bad",0
"44","US","1","bad",1
"44","US","2","okay",0
"44","US","3","okay",1
"44","US","1","terrible",1
"44","US","2","terrible",0
"44","US","2","amazing",0
"44","US","5","terrible",0
"44","US","2","good",0
"44","US","3","good",0
"44","US","4","amazing",0
"44","US","4","terrible",0
"44","US","1","okay",0
"44","US","2","bad",1
"44","US","5","amazing",1
"44","US","5","okay",0
"44","US","4","good",1
"44","US","5","good",1
"44","US","1","good",0
"44","US","3","terrible",0
"44","US","3","bad",0
"44","US","1","amazing",0
"45","US","1","bad",1
"45","US","1","terrible",1
"45","US","2","okay",0
"45","US","1","amazing",0
"45","US","5","bad",0
"45","US","3","okay",1
"45","US","3","good",0
"45","US","3","amazing",0
"45","US","1","good",0
"45","US","4","bad",0
"45","US","5","okay",0
"45","US","2","amazing",0
"45","US","1","okay",0
"45","US","4","good",1
"45","US","5","amazing",1
"45","US","5","terrible",0
"45","US","2","bad",1
"45","US","3","terrible",0
"45","US","2","good",0
"45","US","4","okay",0
"45","US","5","good",1
"45","US","3","bad",0
"45","US","4","amazing",0
"45","US","4","terrible",0
"45","US","2","terrible",1
"45","US","3","terrible",0
"45","US","4","amazing",1
"45","US","3","amazing",0
"45","US","1","amazing",0
"45","US","2","bad",1
"45","US","5","good",1
"45","US","1","okay",0
"45","US","3","okay",1
"45","US","2","terrible",1
"45","US","5","terrible",0
"45","US","5","okay",1
"45","US","2","amazing",0
"45","US","1","good",0
"45","US","3","bad",0
"45","US","5","bad",0
"45","US","4","terrible",0
"45","US","4","good",1
"45","US","1","bad",0
"45","US","4","bad",0
"45","US","3","good",1
"45","US","1","terrible",1
"45","US","2","good",0
"45","US","5","amazing",1
"45","US","2","okay",1
"45","US","4","okay",1
"46","US","5","good",1
"46","US","2","good",0
"46","US","2","bad",1
"46","US","4","amazing",1
"46","US","3","amazing",0
"46","US","3","bad",0
"46","US","3","okay",1
"46","US","2","terrible",1
"46","US","5","amazing",1
"46","US","2","okay",0
"46","US","1","amazing",0
"46","US","1","bad",1
"46","US","1","good",0
"46","US","2","amazing",0
"46","US","3","good",1
"46","US","5","bad",0
"46","US","4","okay",0
"46","US","5","terrible",0
"46","US","1","okay",0
"46","US","5","okay",0
"46","US","3","terrible",0
"46","US","4","terrible",0
"46","US","4","bad",0
"46","US","1","terrible",1
"46","US","4","good",1
"47","US","1","bad",0
"47","US","5","terrible",0
"47","US","4","okay",1
"47","US","1","good",0
"47","US","3","okay",1
"47","US","3","terrible",0
"47","US","2","good",0
"47","US","2","okay",0
"47","US","5","amazing",1
"47","US","1","amazing",0
"47","US","2","terrible",0
"47","US","3","bad",0
"47","US","1","terrible",1
"47","US","4","amazing",1
"47","US","4","bad",0
"47","US","2","amazing",0
"47","US","4","terrible",0
"47","US","1","okay",0
"47","US","2","bad",1
"47","US","5","good",1
"47","US","4","good",1
"47","US","5","bad",0
"47","US","3","amazing",0
"47","US","5","okay",1
"47","US","3","good",1
"49","US","3","good",1
"49","US","2","amazing",0
"49","US","5","bad",0
"49","US","4","okay",0
"49","US","1","okay",0
"49","US","5","terrible",0
"49","US","1","good",0
"49","US","2","good",0
"49","US","4","good",1
"49","US","1","bad",1
"49","US","1","amazing",0
"49","US","4","terrible",0
"49","US","5","okay",0
"49","US","1","terrible",1
"49","US","5","good",1
"49","US","4","amazing",0
"49","US","2","bad",1
"49","US","3","bad",0
"49","US","2","okay",1
"49","US","4","bad",0
"49","US","3","amazing",0
"49","US","3","terrible",0
"49","US","5","amazing",1
"49","US","2","terrible",0
"49","US","3","okay",1
"50","US","4","good",1
"50","US","4","bad",0
"50","US","2","okay",0
"50","US","4","amazing",1
"50","US","1","bad",1
"50","US","5","terrible",0
"50","US","5","okay",0
"50","US","4","terrible",0
"50","US","3","terrible",0
"50","US","1","terrible",1
"50","US","2","good",0
"50","US","3","good",1
"50","US","5","amazing",1
"50","US","2","bad",1
"50","US","1","okay",0
"50","US","3","amazing",0
"50","US","1","amazing",0
"50","US","1","good",0
"50","US","3","bad",0
"50","US","2","terrible",0
"50","US","3","okay",1
"50","US","2","amazing",0
"50","US","5","bad",0
"50","US","5","good",1
"50","US","4","okay",0
"53","US","4","okay",1
"53","US","1","terrible",1
"53","US","4","good",1
"53","US","3","bad",0
"53","US","1","bad",1
"53","US","1","good",0
"53","US","5","okay",1
"53","US","4","bad",0
"53","US","5","bad",0
"53","US","4","terrible",0
"53","US","2","good",0
"53","US","5","amazing",1
"53","US","2","okay",1
"53","US","2","bad",0
"53","US","1","okay",0
"53","US","5","terrible",0
"53","US","3","amazing",0
"53","US","5","good",1
"53","US","3","okay",1
"53","US","3","good",1
"53","US","2","terrible",0
"53","US","3","terrible",0
"53","US","2","amazing",0
"53","US","1","amazing",0
"53","US","4","amazing",0
"54","US","3","amazing",0
"54","US","2","okay",0
"54","US","3","terrible",0
"54","US","1","amazing",0
"54","US","5","terrible",0
"54","US","4","good",1
"54","US","2","good",0
"54","US","5","good",1
"54","US","2","terrible",0
"54","US","5","amazing",1
"54","US","1","bad",1
"54","US","1","good",0
"54","US","1","terrible",1
"54","US","2","bad",1
"54","US","4","terrible",0
"54","US","3","okay",1
"54","US","4","bad",0
"54","US","5","okay",1
"54","US","1","okay",0
"54","US","3","bad",0
"54","US","3","good",1
"54","US","2","amazing",0
"54","US","5","bad",0
"54","US","4","okay",1
"54","US","4","amazing",0
"55","US","4","terrible",0
"55","US","2","okay",1
"55","US","4","amazing",0
"55","US","5","okay",0
"55","US","1","bad",1
"55","US","4","bad",0
"55","US","4","okay",0
"55","US","2","amazing",0
"55","US","2","good",0
"55","US","2","bad",1
"55","US","5","terrible",0
"55","US","3","terrible",0
"55","US","5","bad",0
"55","US","5","amazing",1
"55","US","3","good",0
"55","US","1","amazing",0
"55","US","4","good",1
"55","US","5","good",1
"55","US","2","terrible",0
"55","US","3","bad",0
"55","US","1","okay",0
"55","US","1","terrible",1
"55","US","1","good",0
"55","US","3","amazing",0
"55","US","3","okay",1
"58","US","1","terrible",0
"58","US","1","okay",0
"58","US","3","terrible",1
"58","US","2","amazing",0
"58","US","3","bad",1
"58","US","5","amazing",1
"58","US","4","okay",0
"58","US","2","bad",0
"58","US","1","good",1
"58","US","4","good",1
"58","US","5","okay",0
"58","US","1","bad",1
"58","US","5","terrible",1
"58","US","3","good",0
"58","US","2","good",1
"58","US","3","amazing",1
"58","US","1","amazing",1
"58","US","2","okay",0
"58","US","3","okay",1
"58","US","4","bad",1
"58","US","4","terrible",0
"58","US","5","good",1
"58","US","2","terrible",0
"58","US","5","bad",1
"58","US","4","amazing",1
"67","US","1","bad",1
"67","US","2","bad",1
"67","US","1","amazing",0
"67","US","2","terrible",0
"67","US","1","okay",0
"67","US","2","amazing",0
"67","US","5","terrible",0
"67","US","1","good",0
"67","US","3","bad",0
"67","US","5","amazing",1
"67","US","5","okay",1
"67","US","4","amazing",1
"67","US","3","amazing",0
"67","US","4","bad",0
"67","US","4","terrible",0
"67","US","3","terrible",0
"67","US","4","good",1
"67","US","5","bad",0
"67","US","5","good",1
"67","US","2","good",0
"67","US","2","okay",0
"67","US","1","terrible",1
"67","US","3","okay",1
"67","US","3","good",1
"67","US","4","okay",1
"70","US","2","okay",0
"70","US","1","amazing",0
"70","US","4","good",1
"70","US","3","good",0
"70","US","3","amazing",0
"70","US","5","terrible",0
"70","US","4","okay",1
"70","US","5","bad",0
"70","US","2","amazing",0
"70","US","5","okay",1
"70","US","2","bad",1
"70","US","2","good",0
"70","US","4","bad",1
"70","US","3","okay",1
"70","US","2","terrible",0
"70","US","3","terrible",0
"70","US","1","terrible",1
"70","US","4","amazing",1
"70","US","3","bad",0
"70","US","1","bad",0
"70","US","5","amazing",1
"70","US","5","good",1
"70","US","1","okay",0
"70","US","4","terrible",0
"70","US","1","good",0
"71","US","1","good",0
"71","US","3","okay",1
"71","US","5","amazing",1
"71","US","1","amazing",0
"71","US","1","terrible",1
"71","US","5","bad",0
"71","US","4","okay",1
"71","US","1","bad",1
"71","US","3","terrible",0
"71","US","5","good",1
"71","US","4","good",1
"71","US","2","amazing",0
"71","US","2","bad",1
"71","US","2","terrible",0
"71","US","2","okay",0
"71","US","4","terrible",0
"71","US","1","okay",0
"71","US","5","terrible",0
"71","US","3","amazing",0
"71","US","2","good",0
"71","US","5","okay",0
"71","US","4","bad",0
"71","US","3","bad",0
"71","US","3","good",0
"71","US","4","amazing",0
"8","India","4","good",1
"8","India","3","terrible",1
"8","India","4","terrible",1
"8","India","3","amazing",1
"8","India","5","terrible",1
"8","India","3","okay",1
"8","India","2","bad",1
"8","India","1","good",0
"8","India","1","okay",0
"8","India","3","bad",0
"8","India","2","good",0
"8","India","5","bad",0
"8","India","1","amazing",0
"8","India","2","amazing",0
"8","India","5","amazing",1
"8","India","4","bad",0
"8","India","2","terrible",0
"8","India","5","okay",1
"8","India","1","terrible",0
"8","India","1","bad",1
"8","India","5","good",1
"8","India","4","okay",1
"8","India","4","amazing",1
"8","India","2","okay",0
"8","India","3","good",1
"9","India","4","terrible",0
"9","India","4","bad",0
"9","India","5","good",1
"9","India","1","bad",1
"9","India","3","terrible",0
"9","India","1","okay",0
"9","India","3","bad",0
"9","India","2","okay",0
"9","India","4","amazing",0
"9","India","3","okay",1
"9","India","3","good",1
"9","India","2","good",0
"9","India","5","okay",0
"9","India","4","okay",1
"9","India","2","terrible",1
"9","India","2","amazing",0
"9","India","4","good",1
"9","India","5","bad",0
"9","India","5","amazing",1
"9","India","1","amazing",0
"9","India","3","amazing",0
"9","India","2","bad",1
"9","India","1","good",0
"9","India","5","terrible",0
"9","India","1","terrible",1
"10","India","3","good",1
"10","India","4","amazing",1
"10","India","4","good",1
"10","India","3","okay",1
"10","India","1","bad",1
"10","India","1","good",0
"10","India","3","bad",0
"10","India","2","amazing",0
"10","India","4","bad",0
"10","India","1","amazing",0
"10","India","5","bad",0
"10","India","5","good",1
"10","India","4","okay",1
"10","India","5","terrible",0
"10","India","2","terrible",1
"10","India","2","good",0
"10","India","3","terrible",0
"10","India","2","okay",0
"10","India","5","okay",1
"10","India","5","amazing",1
"10","India","2","bad",1
"10","India","4","terrible",0
"10","India","1","okay",0
"10","India","1","terrible",1
"10","India","3","amazing",0
"11","India","2","good",1
"11","India","2","bad",0
"11","India","4","good",1
"11","India","2","amazing",0
"11","India","4","terrible",0
"11","India","5","terrible",0
"11","India","3","good",1
"11","India","2","okay",0
"11","India","5","amazing",1
"11","India","1","amazing",0
"11","India","3","bad",0
"11","India","2","terrible",1
"11","India","1","good",0
"11","India","4","amazing",1
"11","India","4","bad",0
"11","India","3","okay",1
"11","India","1","terrible",1
"11","India","1","bad",1
"11","India","5","good",1
"11","India","3","amazing",1
"11","India","3","terrible",0
"11","India","5","bad",0
"11","India","4","okay",1
"11","India","1","okay",0
"11","India","5","okay",1
"12","India","4","amazing",1
"12","India","2","amazing",0
"12","India","2","terrible",0
"12","India","1","okay",0
"12","India","3","terrible",0
"12","India","3","okay",1
"12","India","5","good",1
"12","India","2","okay",1
"12","India","1","amazing",0
"12","India","2","good",1
"12","India","3","amazing",0
"12","India","1","terrible",1
"12","India","3","good",1
"12","India","2","bad",1
"12","India","4","okay",1
"12","India","1","bad",0
"12","India","4","bad",0
"12","India","5","terrible",0
"12","India","5","bad",0
"12","India","3","bad",0
"12","India","5","okay",0
"12","India","1","good",0
"12","India","4","terrible",0
"12","India","4","good",1
"12","India","5","amazing",1
"14","India","5","bad",0
"14","India","5","amazing",1
"14","India","2","bad",1
"14","India","4","okay",1
"14","India","1","bad",1
"14","India","1","terrible",1
"14","India","1","okay",0
"14","India","4","amazing",1
"14","India","2","terrible",0
"14","India","4","terrible",0
"14","India","5","okay",1
"14","India","1","good",0
"14","India","2","okay",1
"14","India","4","good",1
"14","India","3","good",1
"14","India","2","good",0
"14","India","5","good",1
"14","India","2","amazing",0
"14","India","3","okay",1
"14","India","1","amazing",0
"14","India","3","amazing",0
"14","India","5","terrible",0
"14","India","3","terrible",0
"14","India","3","bad",0
"14","India","4","bad",0
"15","India","5","bad",0
"15","India","5","good",1
"15","India","4","good",1
"15","India","2","terrible",0
"15","India","2","good",0
"15","India","5","terrible",1
"15","India","2","bad",1
"15","India","3","good",1
"15","India","3","terrible",0
"15","India","3","amazing",0
"15","India","4","terrible",1
"15","India","1","amazing",0
"15","India","1","terrible",0
"15","India","1","good",0
"15","India","1","bad",1
"15","India","4","okay",1
"15","India","4","amazing",1
"15","India","2","okay",0
"15","India","1","okay",0
"15","India","5","amazing",1
"15","India","5","okay",1
"15","India","4","bad",0
"15","India","3","bad",0
"15","India","3","okay",1
"15","India","2","amazing",0
"19","India","3","okay",1
"19","India","4","amazing",1
"19","India","4","okay",1
"19","India","1","bad",1
"19","India","2","bad",1
"19","India","3","amazing",0
"19","India","2","good",0
"19","India","1","terrible",1
"19","India","5","okay",0
"19","India","2","terrible",1
"19","India","4","terrible",0
"19","India","4","bad",0
"19","India","5","bad",0
"19","India","2","amazing",0
"19","India","3","terrible",0
"19","India","1","amazing",0
"19","India","3","good",1
"19","India","3","bad",0
"19","India","5","good",1
"19","India","1","good",0
"19","India","1","okay",0
"19","India","5","amazing",1
"19","India","2","okay",0
"19","India","4","good",1
"19","India","5","terrible",0
"24","India","2","good",1
"24","India","4","terrible",1
"24","India","1","bad",0
"24","India","5","amazing",1
"24","India","5","bad",1
"24","India","1","amazing",0
"24","India","3","terrible",0
"24","India","3","amazing",1
"24","India","4","amazing",1
"24","India","4","good",1
"24","India","3","good",1
"24","India","5","okay",0
"24","India","1","okay",0
"24","India","2","okay",0
"24","India","1","terrible",1
"24","India","3","bad",0
"24","India","4","okay",1
"24","India","2","amazing",0
"24","India","4","bad",0
"24","India","3","okay",1
"24","India","2","bad",1
"24","India","5","terrible",0
"24","India","5","good",1
"24","India","2","terrible",1
"24","India","1","good",0
"28","India","3","bad",0
"28","India","4","terrible",1
"28","India","3","terrible",1
"28","India","1","amazing",1
"28","India","2","amazing",1
"28","India","1","good",0
"28","India","4","amazing",1
"28","India","5","amazing",1
"28","India","1","bad",1
"28","India","3","amazing",1
"28","India","2","bad",1
"28","India","5","bad",0
"28","India","1","terrible",0
"28","India","1","okay",1
"28","India","2","good",0
"28","India","2","terrible",1
"28","India","2","okay",1
"28","India","5","okay",0
"28","India","5","good",1
"28","India","3","good",1
"28","India","3","okay",1
"28","India","5","terrible",1
"28","India","4","good",1
"28","India","4","bad",1
"28","India","4","okay",1
"29","India","1","good",0
"29","India","3","amazing",0
"29","India","3","terrible",0
"29","India","5","bad",0
"29","India","4","terrible",0
"29","India","5","good",1
"29","India","2","good",0
"29","India","1","amazing",0
"29","India","3","okay",1
"29","India","4","bad",0
"29","India","4","okay",1
"29","India","2","amazing",0
"29","India","3","good",1
"29","India","5","okay",1
"29","India","3","bad",0
"29","India","5","terrible",0
"29","India","2","bad",1
"29","India","2","terrible",1
"29","India","5","amazing",1
"29","India","1","bad",1
"29","India","4","amazing",1
"29","India","4","good",1
"29","India","1","okay",0
"29","India","2","okay",0
"29","India","1","terrible",1
"31","India","1","amazing",0
"31","India","5","terrible",0
"31","India","4","terrible",0
"31","India","3","bad",0
"31","India","1","good",0
"31","India","2","okay",1
"31","India","5","okay",1
"31","India","5","good",1
"31","India","2","amazing",0
"31","India","4","good",1
"31","India","5","bad",0
"31","India","1","bad",1
"31","India","2","terrible",1
"31","India","3","terrible",0
"31","India","2","good",0
"31","India","1","terrible",1
"31","India","3","good",1
"31","India","3","amazing",0
"31","India","5","amazing",1
"31","India","1","okay",0
"31","India","4","bad",0
"31","India","2","bad",1
"31","India","3","okay",1
"31","India","4","amazing",1
"31","India","4","okay",1
"35","India","2","terrible",0
"35","India","5","amazing",1
"35","India","5","terrible",0
"35","India","5","good",1
"35","India","1","good",0
"35","India","3","okay",1
"35","India","4","good",1
"35","India","1","terrible",1
"35","India","4","amazing",1
"35","India","2","okay",0
"35","India","5","bad",0
"35","India","4","bad",0
"35","India","3","amazing",0
"35","India","1","okay",0
"35","India","1","bad",1
"35","India","4","okay",0
"35","India","1","amazing",0
"35","India","3","terrible",0
"35","India","2","bad",1
"35","India","3","bad",0
"35","India","2","good",0
"35","India","3","good",0
"35","India","5","okay",0
"35","India","2","amazing",0
"35","India","4","terrible",0
"36","India","5","bad",0
"36","India","3","good",1
"36","India","2","terrible",1
"36","India","1","okay",0
"36","India","4","terrible",0
"36","India","2","amazing",0
"36","India","3","terrible",1
"36","India","5","terrible",0
"36","India","1","good",0
"36","India","1","bad",1
"36","India","3","bad",0
"36","India","2","okay",0
"36","India","1","terrible",1
"36","India","4","okay",1
"36","India","4","bad",0
"36","India","5","good",1
"36","India","2","good",0
"36","India","3","amazing",1
"36","India","5","okay",1
"36","India","5","amazing",1
"36","India","3","okay",1
"36","India","4","good",1
"36","India","1","amazing",0
"36","India","4","amazing",1
"36","India","2","bad",1
"39","India","3","terrible",0
"39","India","1","okay",0
"39","India","4","okay",1
"39","India","1","terrible",0
"39","India","3","amazing",1
"39","India","2","terrible",0
"39","India","1","bad",0
"39","India","5","amazing",1
"39","India","1","good",0
"39","India","5","good",1
"39","India","1","amazing",0
"39","India","4","bad",0
"39","India","2","good",0
"39","India","3","good",1
"39","India","4","amazing",1
"39","India","2","okay",1
"39","India","5","okay",1
"39","India","5","bad",0
"39","India","3","okay",1
"39","India","2","amazing",0
"39","India","2","bad",0
"39","India","5","terrible",0
"39","India","3","bad",0
"39","India","4","terrible",0
"39","India","4","good",1
"40","India","2","okay",0
"40","India","5","terrible",0
"40","India","5","good",1
"40","India","1","terrible",1
"40","India","3","okay",1
"40","India","3","bad",0
"40","India","2","terrible",1
"40","India","4","okay",1
"40","India","3","amazing",1
"40","India","3","terrible",0
"40","India","2","bad",1
"40","India","5","amazing",1
"40","India","1","okay",0
"40","India","5","bad",0
"40","India","1","bad",1
"40","India","2","good",0
"40","India","4","terrible",0
"40","India","4","bad",0
"40","India","4","good",1
"40","India","4","amazing",1
"40","India","1","amazing",0
"40","India","2","amazing",0
"40","India","3","good",1
"40","India","1","good",0
"40","India","5","okay",1
"42","India","4","good",1
"42","India","2","okay",0
"42","India","5","amazing",1
"42","India","5","good",1
"42","India","1","terrible",0
"42","India","1","good",0
"42","India","4","amazing",1
"42","India","5","okay",1
"42","India","3","good",1
"42","India","4","terrible",0
"42","India","3","terrible",0
"42","India","1","bad",1
"42","India","2","good",0
"42","India","1","amazing",0
"42","India","3","okay",1
"42","India","5","bad",0
"42","India","1","okay",0
"42","India","4","okay",1
"42","India","2","bad",1
"42","India","4","bad",0
"42","India","3","amazing",0
"42","India","2","amazing",0
"42","India","5","terrible",0
"42","India","3","bad",0
"42","India","2","terrible",1
"48","India","2","terrible",0
"48","India","2","okay",1
"48","India","1","amazing",0
"48","India","3","terrible",0
"48","India","1","okay",0
"48","India","1","terrible",1
"48","India","1","good",0
"48","India","4","terrible",0
"48","India","3","bad",0
"48","India","3","okay",1
"48","India","3","good",1
"48","India","1","bad",1
"48","India","2","bad",0
"48","India","3","amazing",0
"48","India","5","amazing",1
"48","India","4","good",1
"48","India","2","amazing",0
"48","India","5","good",1
"48","India","5","terrible",0
"48","India","2","good",0
"48","India","5","okay",0
"48","India","4","okay",0
"48","India","4","bad",0
"48","India","5","bad",0
"48","India","4","amazing",1
"51","India","3","good",1
"51","India","4","bad",0
"51","India","4","amazing",1
"51","India","2","terrible",1
"51","India","3","okay",0
"51","India","2","good",0
"51","India","1","amazing",0
"51","India","1","okay",0
"51","India","2","amazing",1
"51","India","3","terrible",0
"51","India","5","terrible",0
"51","India","5","okay",1
"51","India","4","terrible",0
"51","India","3","bad",0
"51","India","5","amazing",1
"51","India","5","good",1
"51","India","5","bad",0
"51","India","3","amazing",1
"51","India","4","okay",1
"51","India","2","okay",1
"51","India","4","good",1
"51","India","1","terrible",1
"51","India","2","bad",0
"51","India","1","bad",1
"51","India","1","good",0
"52","India","1","good",0
"52","India","1","bad",1
"52","India","5","terrible",0
"52","India","2","bad",1
"52","India","1","amazing",0
"52","India","3","terrible",0
"52","India","1","terrible",1
"52","India","1","okay",0
"52","India","4","bad",0
"52","India","3","amazing",0
"52","India","4","okay",0
"52","India","5","okay",0
"52","India","5","bad",0
"52","India","4","amazing",1
"52","India","3","bad",0
"52","India","4","good",1
"52","India","3","okay",1
"52","India","2","amazing",0
"52","India","5","amazing",1
"52","India","2","terrible",0
"52","India","2","good",0
"52","India","3","good",0
"52","India","4","terrible",0
"52","India","2","okay",0
"52","India","5","good",1
"56","India","1","good",0
"56","India","3","okay",1
"56","India","5","amazing",1
"56","India","5","okay",1
"56","India","2","terrible",0
"56","India","2","good",0
"56","India","1","okay",0
"56","India","4","good",1
"56","India","3","terrible",0
"56","India","2","amazing",0
"56","India","5","good",1
"56","India","4","bad",0
"56","India","1","bad",1
"56","India","3","good",1
"56","India","2","bad",0
"56","India","3","bad",0
"56","India","1","amazing",0
"56","India","4","amazing",1
"56","India","2","okay",1
"56","India","5","bad",0
"56","India","5","terrible",0
"56","India","4","terrible",0
"56","India","1","terrible",1
"56","India","4","okay",1
"56","India","3","amazing",0
"57","India","5","bad",0
"57","India","3","amazing",0
"57","India","1","amazing",1
"57","India","1","good",0
"57","India","2","good",0
"57","India","4","bad",1
"57","India","1","okay",0
"57","India","2","okay",1
"57","India","5","amazing",1
"57","India","3","good",0
"57","India","2","amazing",1
"57","India","4","terrible",1
"57","India","3","bad",1
"57","India","5","terrible",1
"57","India","2","bad",0
"57","India","4","amazing",0
"57","India","1","bad",1
"57","India","4","good",0
"57","India","5","okay",0
"57","India","5","good",1
"57","India","3","terrible",1
"57","India","3","okay",1
"57","India","4","okay",0
"57","India","1","terrible",1
"57","India","2","terrible",0
"59","India","4","amazing",1
"59","India","1","good",1
"59","India","5","amazing",1
"59","India","4","terrible",1
"59","India","4","okay",1
"59","India","2","good",0
"59","India","5","good",0
"59","India","4","good",1
"59","India","5","terrible",0
"59","India","5","bad",1
"59","India","2","terrible",0
"59","India","1","terrible",0
"59","India","2","okay",0
"59","India","3","bad",1
"59","India","1","bad",0
"59","India","3","terrible",0
"59","India","1","amazing",1
"59","India","3","amazing",1
"59","India","2","amazing",1
"59","India","2","bad",0
"59","India","1","okay",1
"59","India","3","okay",1
"59","India","5","okay",1
"59","India","3","good",1
"59","India","4","bad",0
"60","India","3","bad",0
"60","India","1","bad",1
"60","India","2","terrible",1
"60","India","3","amazing",0
"60","India","1","good",0
"60","India","4","terrible",0
"60","India","1","amazing",0
"60","India","2","amazing",0
"60","India","4","good",1
"60","India","3","good",1
"60","India","4","okay",0
"60","India","5","bad",0
"60","India","2","okay",1
"60","India","5","amazing",1
"60","India","4","amazing",1
"60","India","1","terrible",1
"60","India","3","terrible",0
"60","India","2","good",0
"60","India","5","terrible",0
"60","India","2","bad",1
"60","India","5","good",1
"60","India","5","okay",0
"60","India","1","okay",1
"60","India","3","okay",1
"60","India","4","bad",0
"61","India","2","okay",1
"61","India","5","good",1
"61","India","3","okay",1
"61","India","4","okay",0
"61","India","4","bad",1
"61","India","4","terrible",1
"61","India","1","okay",0
"61","India","2","terrible",1
"61","India","3","amazing",0
"61","India","2","amazing",0
"61","India","1","amazing",0
"61","India","3","terrible",0
"61","India","3","good",0
"61","India","3","bad",1
"61","India","5","amazing",0
"61","India","5","bad",0
"61","India","4","good",1
"61","India","4","amazing",1
"61","India","1","good",0
"61","India","2","good",1
"61","India","5","okay",1
"61","India","1","terrible",0
"61","India","2","bad",0
"61","India","1","bad",0
"61","India","5","terrible",1
"62","India","1","good",0
"62","India","2","terrible",1
"62","India","5","amazing",1
"62","India","2","bad",1
"62","India","4","amazing",0
"62","India","5","okay",1
"62","India","2","okay",0
"62","India","5","bad",0
"62","India","3","terrible",0
"62","India","4","good",1
"62","India","1","bad",1
"62","India","2","amazing",0
"62","India","4","terrible",0
"62","India","5","good",1
"62","India","2","good",0
"62","India","1","amazing",0
"62","India","4","bad",0
"62","India","5","terrible",0
"62","India","1","okay",0
"62","India","3","amazing",0
"62","India","3","bad",0
"62","India","4","okay",1
"62","India","1","terrible",1
"62","India","3","good",0
"62","India","3","okay",1
"63","India","3","okay",1
"63","India","2","bad",1
"63","India","5","amazing",1
"63","India","5","good",1
"63","India","4","amazing",0
"63","India","2","okay",0
"63","India","2","amazing",0
"63","India","1","okay",0
"63","India","3","terrible",0
"63","India","4","good",1
"63","India","5","okay",0
"63","India","2","good",0
"63","India","5","terrible",0
"63","India","4","bad",0
"63","India","3","good",0
"63","India","5","bad",0
"63","India","3","amazing",0
"63","India","1","bad",1
"63","India","1","good",0
"63","India","3","bad",0
"63","India","1","terrible",1
"63","India","4","okay",0
"63","India","1","amazing",0
"63","India","4","terrible",0
"63","India","2","terrible",1
"64","India","2","okay",0
"64","India","5","bad",0
"64","India","3","terrible",0
"64","India","2","terrible",1
"64","India","3","good",1
"64","India","1","amazing",0
"64","India","5","amazing",1
"64","India","2","bad",1
"64","India","1","terrible",1
"64","India","2","good",0
"64","India","4","okay",1
"64","India","1","good",0
"64","India","3","amazing",1
"64","India","5","terrible",0
"64","India","5","okay",1
"64","India","1","bad",1
"64","India","4","terrible",0
"64","India","4","bad",0
"64","India","2","amazing",0
"64","India","5","good",1
"64","India","3","bad",1
"64","India","3","okay",1
"64","India","4","amazing",1
"64","India","1","okay",0
"64","India","4","good",1
"65","India","4","okay",1
"65","India","2","good",1
"65","India","3","bad",0
"65","India","5","good",1
"65","India","4","amazing",0
"65","India","4","terrible",0
"65","India","3","good",0
"65","India","3","amazing",1
"65","India","1","amazing",0
"65","India","2","okay",1
"65","India","4","bad",1
"65","India","5","bad",0
"65","India","2","amazing",1
"65","India","1","terrible",0
"65","India","5","okay",1
"65","India","1","okay",0
"65","India","3","terrible",0
"65","India","2","terrible",0
"65","India","1","bad",0
"65","India","5","amazing",1
"65","India","4","good",1
"65","India","3","okay",0
"65","India","1","good",1
"65","India","5","terrible",1
"65","India","2","bad",1
"66","India","4","amazing",0
"66","India","3","good",1
"66","India","2","okay",1
"66","India","4","terrible",0
"66","India","1","okay",0
"66","India","3","okay",1
"66","India","4","okay",0
"66","India","3","amazing",0
"66","India","4","good",1
"66","India","1","amazing",0
"66","India","1","good",0
"66","India","4","bad",0
"66","India","2","good",0
"66","India","2","amazing",0
"66","India","2","bad",1
"66","India","5","bad",0
"66","India","3","terrible",0
"66","India","5","good",0
"66","India","3","bad",0
"66","India","1","terrible",1
"66","India","1","bad",1
"66","India","5","amazing",1
"66","India","5","terrible",0
"66","India","2","terrible",0
"66","India","5","okay",0
"68","India","3","amazing",0
"68","India","3","terrible",0
"68","India","5","okay",0
"68","India","1","okay",0
"68","India","5","good",1
"68","India","1","terrible",1
"68","India","2","amazing",0
"68","India","4","good",1
"68","India","5","terrible",0
"68","India","3","good",0
"68","India","2","okay",1
"68","India","4","bad",0
"68","India","1","good",0
"68","India","1","amazing",0
"68","India","1","bad",1
"68","India","3","okay",1
"68","India","4","amazing",1
"68","India","2","bad",1
"68","India","2","terrible",0
"68","India","4","okay",0
"68","India","5","amazing",1
"68","India","4","terrible",0
"68","India","2","good",0
"68","India","5","bad",0
"68","India","3","bad",0
"69","India","2","okay",0
"69","India","3","bad",0
"69","India","5","amazing",1
"69","India","2","terrible",1
"69","India","4","okay",0
"69","India","4","terrible",1
"69","India","1","amazing",1
"69","India","4","good",1
"69","India","5","okay",1
"69","India","1","terrible",1
"69","India","1","okay",0
"69","India","1","bad",0
"69","India","3","good",1
"69","India","5","good",0
"69","India","2","bad",1
"69","India","5","bad",1
"69","India","3","amazing",1
"69","India","4","bad",1
"69","India","5","terrible",1
"69","India","3","terrible",0
"69","India","1","good",0
"69","India","2","amazing",0
"69","India","4","amazing",1
"69","India","3","okay",0
"69","India","2","good",0
"69","India","3","okay",1
"69","India","5","amazing",1
"69","India","4","okay",0
"69","India","5","okay",0
"69","India","2","good",0
"69","India","5","good",0
"69","India","2","okay",0
"69","India","2","terrible",1
"69","India","3","amazing",0
"69","India","1","bad",1
"69","India","4","terrible",0
"69","India","4","good",1
"69","India","1","okay",0
"69","India","2","bad",1
"69","India","2","amazing",0
"69","India","5","terrible",0
"69","India","5","bad",0
"69","India","4","amazing",0
"69","India","3","good",0
"69","India","1","good",0
"69","India","4","bad",0
"69","India","1","amazing",0
"69","India","3","bad",0
"69","India","3","terrible",0
"69","India","1","terrible",1
"75","Korea","4","okay",1
"77","Korea","4","okay",1
"74","Korea","4","bad",0
"82","Korea","5","amazing",1
"72","Korea","4","okay",1
"80","Korea","2","amazing",0
"22","Korea","2","bad",1
"83","Korea","1","terrible",1
"78","Korea","1","okay",1
"79","Korea","2","okay",0
"2","Korea","3","okay",1
"73","Korea","1","good",0
"1","Korea","2","bad",1
"84","Korea","2","good",0
"3","Korea","3","amazing",0
"17","Korea","1","terrible",0
"25","Korea","1","good",0
"76","Korea","2","okay",0
"85","Korea","5","bad",0
"7","Korea","5","amazing",1
"86","Korea","4","terrible",0
"81","Korea","3","amazing",0
"4","Korea","3","terrible",0
"6","Korea","1","okay",0
"5","Korea","2","good",0
NA,"Korea","",NA,NA
"75","Korea","2","good",0
"77","Korea","2","good",0
"74","Korea","4","good",1
"82","Korea","2","good",0
"72","Korea","2","terrible",0
"80","Korea","1","bad",1
"22","Korea","4","okay",1
"83","Korea","3","good",0
"78","Korea","3","okay",1
"79","Korea","4","terrible",1
"2","Korea","3","good",0
"73","Korea","1","bad",0
"1","Korea","3","bad",0
"84","Korea","5","terrible",0
"3","Korea","1","good",0
"17","Korea","4","amazing",1
"25","Korea","3","good",1
"76","Korea","3","okay",1
"85","Korea","5","okay",0
"7","Korea","1","bad",1
"86","Korea","5","bad",0
"81","Korea","1","okay",0
"4","Korea","3","bad",0
"6","Korea","5","good",1
"5","Korea","1","terrible",0
NA,"Korea","",NA,NA
"75","Korea","4","bad",0
"77","Korea","4","bad",0
"74","Korea","2","bad",0
"82","Korea","4","okay",1
"72","Korea","1","good",0
"80","Korea","1","good",0
"22","Korea","5","bad",0
"83","Korea","4","good",1
"78","Korea","4","bad",0
"79","Korea","5","bad",1
"2","Korea","2","okay",0
"73","Korea","3","terrible",0
"1","Korea","3","amazing",0
"84","Korea","1","terrible",0
"3","Korea","2","terrible",0
"17","Korea","3","okay",1
"25","Korea","5","good",1
"76","Korea","5","okay",1
"85","Korea","2","good",0
"7","Korea","1","okay",0
"86","Korea","2","bad",1
"81","Korea","5","amazing",1
"4","Korea","1","amazing",0
"6","Korea","5","terrible",0
"5","Korea","3","terrible",0
NA,"Korea","",NA,NA
"75","Korea","3","okay",1
"77","Korea","5","bad",0
"74","Korea","4","terrible",0
"82","Korea","3","terrible",0
"72","Korea","1","okay",0
"80","Korea","4","good",1
"22","Korea","3","okay",1
"83","Korea","4","bad",0
"78","Korea","3","good",0
"79","Korea","1","good",0
"2","Korea","5","okay",0
"73","Korea","4","terrible",0
"1","Korea","1","terrible",0
"84","Korea","3","terrible",0
"3","Korea","5","bad",0
"17","Korea","3","good",0
"25","Korea","2","okay",0
"76","Korea","3","bad",0
"85","Korea","4","amazing",0
"7","Korea","4","amazing",1
"86","Korea","1","okay",0
"81","Korea","4","terrible",0
"4","Korea","1","good",0
"6","Korea","4","terrible",0
"5","Korea","2","amazing",0
NA,"Korea","",NA,NA
"75","Korea","2","amazing",0
"77","Korea","1","terrible",1
"74","Korea","2","okay",0
"82","Korea","2","terrible",0
"72","Korea","3","terrible",0
"80","Korea","4","amazing",1
"22","Korea","1","bad",1
"83","Korea","3","okay",1
"78","Korea","2","good",1
"79","Korea","5","good",0
"2","Korea","3","bad",0
"73","Korea","4","good",1
"1","Korea","4","good",1
"84","Korea","5","good",1
"3","Korea","3","okay",1
"17","Korea","2","terrible",0
"25","Korea","3","amazing",0
"76","Korea","5","good",1
"85","Korea","2","terrible",1
"7","Korea","3","amazing",0
"86","Korea","1","bad",1
"81","Korea","5","terrible",0
"4","Korea","1","terrible",1
"6","Korea","4","okay",1
"5","Korea","3","amazing",0
NA,"Korea","",NA,NA
"75","Korea","1","okay",0
"77","Korea","5","okay",1
"74","Korea","2","amazing",0
"82","Korea","3","good",1
"72","Korea","2","okay",0
"80","Korea","3","okay",1
"22","Korea","2","terrible",1
"83","Korea","1","good",0
"78","Korea","2","bad",0
"79","Korea","3","terrible",1
"2","Korea","4","terrible",0
"73","Korea","5","terrible",0
"1","Korea","3","terrible",0
"84","Korea","4","amazing",1
"3","Korea","2","amazing",0
"17","Korea","2","amazing",0
"25","Korea","2","good",0
"76","Korea","2","amazing",0
"85","Korea","1","terrible",1
"7","Korea","3","okay",1
"86","Korea","3","okay",0
"81","Korea","3","terrible",0
"4","Korea","4","good",1
"6","Korea","5","amazing",1
"5","Korea","2","okay",1
NA,"Korea","",NA,NA
"75","Korea","1","amazing",0
"77","Korea","4","good",1
"74","Korea","1","okay",0
"82","Korea","4","good",1
"72","Korea","5","good",1
"80","Korea","3","amazing",0
"22","Korea","1","good",0
"83","Korea","3","terrible",0
"78","Korea","5","good",0
"79","Korea","4","okay",0
"2","Korea","4","okay",1
"73","Korea","2","bad",1
"1","Korea","5","good",1
"84","Korea","3","okay",1
"3","Korea","5","terrible",0
"17","Korea","4","okay",1
"25","Korea","3","okay",1
"76","Korea","1","good",0
"85","Korea","5","terrible",0
"7","Korea","1","amazing",0
"86","Korea","4","okay",1
"81","Korea","3","bad",0
"4","Korea","2","terrible",1
"6","Korea","2","terrible",0
"5","Korea","1","bad",0
NA,"Korea","",NA,NA
"75","Korea","2","okay",0
"77","Korea","5","good",1
"74","Korea","5","bad",0
"82","Korea","5","good",1
"72","Korea","1","terrible",1
"80","Korea","2","terrible",0
"22","Korea","5","good",1
"83","Korea","1","bad",1
"78","Korea","4","amazing",0
"79","Korea","2","amazing",1
"2","Korea","3","terrible",0
"73","Korea","4","okay",0
"1","Korea","3","good",1
"84","Korea","4","bad",0
"3","Korea","3","bad",0
"17","Korea","4","bad",0
"25","Korea","4","amazing",1
"76","Korea","4","amazing",1
"85","Korea","3","good",1
"7","Korea","4","okay",1
"86","Korea","5","okay",1
"81","Korea","5","bad",0
"4","Korea","4","terrible",0
"6","Korea","2","amazing",0
"5","Korea","2","terrible",0
NA,"Korea","",NA,NA
"75","Korea","5","amazing",1
"77","Korea","2","okay",0
"74","Korea","1","terrible",0
"82","Korea","5","bad",0
"72","Korea","1","amazing",0
"80","Korea","5","amazing",1
"22","Korea","3","good",1
"83","Korea","5","amazing",1
"78","Korea","5","terrible",0
"79","Korea","5","terrible",1
"2","Korea","1","okay",0
"73","Korea","2","okay",0
"1","Korea","1","bad",1
"84","Korea","5","bad",0
"3","Korea","4","okay",0
"17","Korea","2","bad",1
"25","Korea","1","bad",1
"76","Korea","5","bad",1
"85","Korea","3","amazing",0
"7","Korea","1","good",0
"86","Korea","5","terrible",0
"81","Korea","2","amazing",0
"4","Korea","5","amazing",1
"6","Korea","3","good",0
"5","Korea","4","bad",0
NA,"Korea","",NA,NA
"75","Korea","3","amazing",0
"77","Korea","5","terrible",1
"74","Korea","1","amazing",0
"82","Korea","5","terrible",0
"72","Korea","3","amazing",0
"80","Korea","4","okay",1
"22","Korea","1","amazing",0
"83","Korea","2","bad",1
"78","Korea","2","amazing",1
"79","Korea","2","good",0
"2","Korea","1","bad",1
"73","Korea","3","okay",1
"1","Korea","4","okay",1
"84","Korea","3","amazing",1
"3","Korea","2","okay",1
"17","Korea","4","terrible",0
"25","Korea","5","bad",0
"76","Korea","4","terrible",0
"85","Korea","2","bad",1
"7","Korea","5","good",1
"86","Korea","3","bad",1
"81","Korea","4","okay",1
"4","Korea","1","okay",0
"6","Korea","2","good",0
"5","Korea","4","good",1
NA,"Korea","",NA,NA
"75","Korea","2","bad",0
"77","Korea","1","good",0
"74","Korea","5","okay",0
"82","Korea","4","terrible",0
"72","Korea","3","good",0
"80","Korea","1","amazing",0
"22","Korea","4","amazing",1
"83","Korea","5","terrible",0
"78","Korea","2","okay",1
"79","Korea","2","bad",1
"2","Korea","5","bad",0
"73","Korea","5","okay",0
"1","Korea","2","terrible",0
"84","Korea","1","amazing",0
"3","Korea","4","good",1
"17","Korea","1","bad",1
"25","Korea","5","okay",1
"76","Korea","3","amazing",1
"85","Korea","5","amazing",1
"7","Korea","2","amazing",0
"86","Korea","2","terrible",1
"81","Korea","2","okay",1
"4","Korea","3","good",1
"6","Korea","3","terrible",0
"5","Korea","4","terrible",0
NA,"Korea","",NA,NA
"75","Korea","5","bad",0
"77","Korea","4","amazing",1
"74","Korea","2","terrible",0
"82","Korea","3","amazing",0
"72","Korea","3","bad",0
"80","Korea","1","okay",0
"22","Korea","4","bad",0
"83","Korea","3","bad",0
"78","Korea","5","bad",0
"79","Korea","4","good",0
"2","Korea","4","bad",0
"73","Korea","4","bad",0
"1","Korea","4","amazing",1
"84","Korea","2","bad",1
"3","Korea","1","amazing",0
"17","Korea","4","good",1
"25","Korea","3","bad",0
"76","Korea","5","terrible",0
"85","Korea","1","okay",0
"7","Korea","4","terrible",0
"86","Korea","1","good",0
"81","Korea","1","bad",1
"4","Korea","2","good",0
"6","Korea","1","terrible",1
"5","Korea","5","bad",0
NA,"Korea","",NA,NA
"75","Korea","1","bad",1
"77","Korea","3","bad",0
"74","Korea","3","bad",0
"82","Korea","5","okay",1
"72","Korea","1","bad",1
"80","Korea","4","bad",0
"22","Korea","2","good",0
"83","Korea","3","amazing",0
"78","Korea","1","terrible",0
"79","Korea","3","amazing",1
"2","Korea","4","good",0
"73","Korea","1","terrible",1
"1","Korea","5","bad",0
"84","Korea","4","terrible",0
"3","Korea","3","terrible",0
"17","Korea","2","good",0
"25","Korea","3","terrible",0
"76","Korea","3","good",1
"85","Korea","2","okay",0
"7","Korea","4","good",1
"86","Korea","3","amazing",1
"81","Korea","5","good",1
"4","Korea","4","okay",1
"6","Korea","2","okay",0
"5","Korea","3","bad",0
NA,"Korea","",NA,NA
"75","Korea","4","amazing",1
"77","Korea","3","terrible",0
"74","Korea","3","good",0
"82","Korea","1","bad",1
"72","Korea","5","terrible",0
"80","Korea","5","good",0
"22","Korea","1","okay",0
"83","Korea","1","okay",0
"78","Korea","3","terrible",0
"79","Korea","5","amazing",1
"2","Korea","4","amazing",0
"73","Korea","5","good",1
"1","Korea","1","good",0
"84","Korea","3","bad",0
"3","Korea","4","terrible",0
"17","Korea","1","good",0
"25","Korea","1","amazing",0
"76","Korea","4","good",1
"85","Korea","1","amazing",0
"7","Korea","3","good",1
"86","Korea","4","bad",0
"81","Korea","1","amazing",0
"4","Korea","5","bad",0
"6","Korea","3","bad",0
"5","Korea","2","bad",0
NA,"Korea","",NA,NA
"75","Korea","3","bad",0
"77","Korea","2","terrible",0
"74","Korea","5","good",1
"82","Korea","2","bad",1
"72","Korea","4","terrible",0
"80","Korea","2","okay",0
"22","Korea","5","amazing",1
"83","Korea","2","good",0
"78","Korea","3","amazing",1
"79","Korea","3","okay",1
"2","Korea","2","good",0
"73","Korea","2","good",0
"1","Korea","2","okay",0
"84","Korea","4","good",1
"3","Korea","1","okay",0
"17","Korea","1","amazing",0
"25","Korea","2","amazing",0
"76","Korea","1","terrible",1
"85","Korea","4","bad",0
"7","Korea","5","okay",0
"86","Korea","2","amazing",0
"81","Korea","4","bad",0
"4","Korea","5","okay",1
"6","Korea","4","bad",0
"5","Korea","1","good",0
NA,"Korea","",NA,NA
"75","Korea","3","good",1
"77","Korea","5","amazing",1
"74","Korea","3","terrible",0
"82","Korea","1","amazing",0
"72","Korea","2","amazing",0
"80","Korea","1","terrible",1
"22","Korea","3","terrible",0
"83","Korea","4","amazing",0
"78","Korea","1","good",1
"79","Korea","1","bad",0
"2","Korea","5","good",1
"73","Korea","5","bad",0
"1","Korea","1","amazing",0
"84","Korea","4","okay",1
"3","Korea","3","good",1
"17","Korea","1","okay",0
"25","Korea","4","okay",1
"76","Korea","5","amazing",1
"85","Korea","4","terrible",0
"7","Korea","3","terrible",0
"86","Korea","4","amazing",1
"81","Korea","1","terrible",1
"4","Korea","1","bad",1
"6","Korea","4","good",1
"5","Korea","5","amazing",1
NA,"Korea","",NA,NA
"75","Korea","5","good",1
"77","Korea","2","bad",1
"74","Korea","3","amazing",0
"82","Korea","4","amazing",1
"72","Korea","4","good",1
"80","Korea","5","okay",0
"22","Korea","2","amazing",0
"83","Korea","4","terrible",0
"78","Korea","2","terrible",0
"79","Korea","1","amazing",0
"2","Korea","5","terrible",0
"73","Korea","3","bad",1
"1","Korea","1","okay",0
"84","Korea","1","okay",0
"3","Korea","5","okay",0
"17","Korea","5","good",1
"25","Korea","1","okay",0
"76","Korea","1","amazing",0
"85","Korea","1","bad",0
"7","Korea","2","okay",0
"86","Korea","1","amazing",0
"81","Korea","3","good",1
"4","Korea","2","okay",0
"6","Korea","3","amazing",0
"5","Korea","3","okay",1
NA,"Korea","",NA,NA
"75","Korea","2","terrible",0
"77","Korea","3","amazing",0
"74","Korea","5","amazing",1
"82","Korea","2","amazing",0
"72","Korea","5","bad",0
"80","Korea","5","bad",0
"22","Korea","5","terrible",0
"83","Korea","4","okay",1
"78","Korea","4","good",1
"79","Korea","4","bad",0
"2","Korea","1","good",1
"73","Korea","3","good",0
"1","Korea","4","bad",0
"84","Korea","1","good",0
"3","Korea","4","bad",0
"17","Korea","5","bad",0
"25","Korea","5","terrible",0
"76","Korea","2","terrible",1
"85","Korea","5","good",0
"7","Korea","2","good",0
"86","Korea","4","good",1
"81","Korea","2","bad",0
"4","Korea","2","bad",1
"6","Korea","3","okay",1
"5","Korea","4","amazing",0
NA,"Korea","",NA,NA
"75","Korea","4","good",1
"77","Korea","1","amazing",0
"74","Korea","3","okay",0
"82","Korea","1","okay",0
"72","Korea","2","bad",0
"80","Korea","2","bad",0
"22","Korea","1","terrible",1
"83","Korea","2","okay",0
"78","Korea","1","bad",0
"79","Korea","1","terrible",0
"2","Korea","2","terrible",0
"73","Korea","2","terrible",0
"1","Korea","5","okay",1
"84","Korea","5","amazing",1
"3","Korea","1","terrible",1
"17","Korea","3","amazing",0
"25","Korea","4","good",1
"76","Korea","2","bad",1
"85","Korea","1","good",0
"7","Korea","4","bad",0
"86","Korea","2","okay",0
"81","Korea","2","good",0
"4","Korea","2","amazing",0
"6","Korea","4","amazing",1
"5","Korea","1","okay",0
NA,"Korea","",NA,NA
"75","Korea","5","terrible",0
"77","Korea","2","amazing",0
"74","Korea","1","good",0
"82","Korea","1","terrible",1
"72","Korea","4","bad",0
"80","Korea","3","terrible",0
"22","Korea","4","good",1
"83","Korea","5","good",1
"78","Korea","4","okay",1
"79","Korea","1","okay",1
"2","Korea","2","amazing",0
"73","Korea","1","amazing",0
"1","Korea","4","terrible",0
"84","Korea","2","okay",0
"3","Korea","5","good",1
"17","Korea","5","okay",1
"25","Korea","4","terrible",0
"76","Korea","1","bad",1
"85","Korea","3","bad",0
"7","Korea","2","terrible",0
"86","Korea","2","good",0
"81","Korea","4","amazing",1
"4","Korea","5","terrible",0
"6","Korea","1","good",0
"5","Korea","3","good",1
NA,"Korea","",NA,NA
"75","Korea","3","terrible",0
"77","Korea","1","okay",0
"74","Korea","4","okay",0
"82","Korea","4","bad",0
"72","Korea","5","amazing",1
"80","Korea","2","good",0
"22","Korea","3","bad",0
"83","Korea","1","amazing",0
"78","Korea","1","amazing",1
"79","Korea","5","okay",1
"2","Korea","5","amazing",1
"73","Korea","5","amazing",1
"1","Korea","5","amazing",1
"84","Korea","3","good",1
"3","Korea","2","good",0
"17","Korea","5","terrible",0
"25","Korea","1","terrible",1
"76","Korea","4","okay",1
"85","Korea","2","amazing",0
"7","Korea","5","bad",0
"86","Korea","3","good",0
"81","Korea","2","terrible",0
"4","Korea","4","amazing",1
"6","Korea","1","bad",1
"5","Korea","4","okay",0
NA,"Korea","",NA,NA
"75","Korea","5","okay",0
"77","Korea","1","bad",1
"74","Korea","2","good",0
"82","Korea","3","okay",1
"72","Korea","5","okay",1
"80","Korea","3","bad",0
"22","Korea","3","amazing",0
"83","Korea","5","okay",1
"78","Korea","3","bad",0
"79","Korea","3","good",1
"2","Korea","1","amazing",0
"73","Korea","1","okay",0
"1","Korea","2","amazing",0
"84","Korea","1","bad",0
"3","Korea","2","bad",0
"17","Korea","5","amazing",1
"25","Korea","2","bad",1
"76","Korea","1","okay",0
"85","Korea","4","okay",0
"7","Korea","3","bad",0
"86","Korea","1","terrible",1
"81","Korea","4","good",1
"4","Korea","5","good",1
"6","Korea","1","amazing",0
"5","Korea","5","good",1
NA,"Korea","",NA,NA
"75","Korea","1","terrible",1
"77","Korea","3","good",1
"74","Korea","5","terrible",0
"82","Korea","1","good",0
"72","Korea","4","amazing",0
"80","Korea","3","good",1
"22","Korea","5","okay",1
"83","Korea","2","terrible",0
"78","Korea","4","terrible",0
"79","Korea","4","amazing",1
"2","Korea","2","bad",1
"73","Korea","4","amazing",0
"1","Korea","2","good",0
"84","Korea","2","terrible",0
"3","Korea","1","bad",1
"17","Korea","3","bad",0
"25","Korea","5","amazing",1
"76","Korea","2","good",0
"85","Korea","3","okay",0
"7","Korea","5","terrible",0
"86","Korea","5","amazing",1
"81","Korea","1","good",0
"4","Korea","4","bad",0
"6","Korea","5","okay",1
"5","Korea","1","amazing",0
NA,"Korea","",NA,NA
"75","Korea","4","terrible",0
"77","Korea","3","okay",1
"74","Korea","4","amazing",1
"82","Korea","2","okay",0
"72","Korea","2","good",0
"80","Korea","4","terrible",0
"22","Korea","4","terrible",0
"83","Korea","2","amazing",0
"78","Korea","5","okay",1
"79","Korea","3","bad",1
"2","Korea","1","terrible",1
"73","Korea","2","amazing",0
"1","Korea","3","okay",1
"84","Korea","2","amazing",0
"3","Korea","4","amazing",1
"17","Korea","2","okay",0
"25","Korea","2","terrible",1
"76","Korea","3","terrible",0
"85","Korea","4","good",0
"7","Korea","2","bad",0
"86","Korea","5","good",1
"81","Korea","3","okay",1
"4","Korea","3","amazing",0
"6","Korea","5","bad",0
"5","Korea","5","terrible",0
NA,"Korea","",NA,NA
"75","Korea","1","good",0
"77","Korea","4","terrible",0
"74","Korea","1","bad",1
"82","Korea","3","bad",0
"72","Korea","3","okay",1
"80","Korea","5","terrible",0
"22","Korea","2","okay",0
"83","Korea","5","bad",0
"78","Korea","5","amazing",1
"79","Korea","2","terrible",0
"2","Korea","3","amazing",0
"73","Korea","3","amazing",0
"1","Korea","5","terrible",0
"84","Korea","5","okay",1
"3","Korea","5","amazing",1
"17","Korea","3","terrible",0
"25","Korea","4","bad",0
"76","Korea","4","bad",0
"85","Korea","3","terrible",0
"7","Korea","1","terrible",1
"86","Korea","3","terrible",0
"81","Korea","5","okay",1
"4","Korea","3","okay",1
"6","Korea","2","bad",0
"5","Korea","5","okay",0
NA,"Korea","",NA,NA
