subid,goal,trial,item,positivity,utterance,judgment
anon-0,social,1,cookie,pos,bad,2
anon-0,both,2,cake,neg,good,2
anon-0,no_goal,3,review,pos,amazing,2
anon-0,informative,4,painting,pos,good,2
anon-0,no_goal,5,film,pos,good,1
anon-0,informative,6,solo,neg,good,2
anon-0,both,7,film,pos,terrible,2
anon-0,no_goal,8,monologue,neg,good,2
anon-0,informative,9,monologue,pos,okay,2
anon-0,no_goal,10,app,neg,okay,1
anon-0,both,11,app,pos,amazing,4
anon-0,both,12,dance,pos,good,3
anon-0,no_goal,13,song,neg,terrible,3
anon-0,both,14,poem,neg,amazing,1
anon-0,informative,15,recital,neg,amazing,3
anon-0,informative,16,app,pos,bad,1
anon-0,social,17,review,neg,good,2
anon-0,informative,18,cake,neg,terrible,3
anon-0,no_goal,19,presentation,pos,terrible,1
anon-0,informative,20,poem,neg,bad,3
anon-0,no_goal,21,dance,neg,bad,3
anon-0,informative,22,presentation,neg,okay,2
anon-0,social,23,film,neg,okay,1
anon-0,both,24,painting,neg,bad,2
anon-0,no_goal,25,solo,pos,bad,2
anon-0,no_goal,26,recital,pos,okay,3
anon-0,social,27,cake,pos,okay,3
anon-0,social,28,recital,neg,bad,3
anon-0,social,29,painting,pos,terrible,2
anon-0,social,30,song,neg,amazing,1
anon-0,informative,31,cookie,pos,amazing,4
anon-0,both,32,song,pos,okay,3
anon-0,both,33,review,pos,bad,2
anon-0,both,34,cookie,neg,okay,2
anon-0,informative,35,dance,pos,terrible,1
anon-0,both,36,monologue,neg,terrible,3
anon-0,social,37,poem,pos,good,3
anon-0,social,38,presentation,pos,amazing,5
anon-0,social,39,solo,neg,terrible,3
anon-0,no_goal,40,painting,neg,amazing,1
anon-1,social,1,film,pos,good,3
anon-1,no_goal,2,app,neg,good,1
anon-1,informative,3,monologue,neg,good,1
anon-1,informative,4,film,neg,bad,3
anon-1,both,5,cake,pos,terrible,1
anon-1,social,6,solo,neg,amazing,2
anon-1,informative,7,recital,neg,amazing,3
anon-1,both,8,painting,pos,good,4
anon-1,informative,9,painting,pos,terrible,1
anon-1,both,10,film,neg,amazing,2
anon-1,no_goal,11,monologue,pos,bad,1
anon-1,informative,12,presentation,neg,okay,2
anon-1,social,13,presentation,pos,amazing,4
anon-1,informative,14,cookie,pos,bad,1
anon-1,both,15,poem,neg,good,2
anon-1,both,16,cookie,pos,amazing,4
anon-1,informative,17,review,pos,good,4
anon-1,social,18,song,pos,bad,1
anon-1,social,19,review,pos,terrible,3
anon-1,both,20,solo,pos,okay,2
anon-1,no_goal,21,review,neg,amazing,3
anon-1,no_goal,22,dance,pos,amazing,5
anon-1,no_goal,23,painting,neg,bad,3
anon-1,informative,24,app,pos,okay,2
anon-1,both,25,song,neg,okay,2
anon-1,no_goal,26,cookie,neg,okay,2
anon-1,informative,27,poem,neg,terrible,2
anon-1,informative,28,song,pos,amazing,4
anon-1,no_goal,29,solo,neg,terrible,1
anon-1,social,30,recital,neg,bad,2
anon-1,both,31,dance,pos,bad,1
anon-1,both,32,review,neg,bad,3
anon-1,social,33,cake,neg,okay,2
anon-1,social,34,dance,neg,good,2
anon-1,social,35,monologue,neg,terrible,3
anon-1,no_goal,36,recital,pos,okay,3
anon-1,no_goal,37,presentation,pos,terrible,1
anon-1,both,38,app,neg,terrible,3
anon-1,no_goal,39,cake,pos,good,4
anon-1,social,40,poem,pos,okay,3
anon-10,both,1,recital,pos,okay,2
anon-10,social,2,app,neg,terrible,2
anon-10,social,3,painting,neg,bad,3
anon-10,social,4,film,pos,bad,1
anon-10,no_goal,5,solo,pos,good,4
anon-10,social,6,recital,neg,amazing,1
anon-10,no_goal,7,cake,pos,terrible,1
anon-10,informative,8,poem,neg,bad,3
anon-10,no_goal,9,recital,neg,terrible,3
anon-10,both,10,presentation,pos,bad,1
anon-10,both,11,cookie,neg,terrible,2
anon-10,social,12,monologue,pos,terrible,1
anon-10,informative,13,dance,pos,terrible,1
anon-10,no_goal,14,cookie,neg,good,1
anon-10,both,15,poem,neg,amazing,2
anon-10,no_goal,16,app,pos,bad,1
anon-10,social,17,cake,pos,amazing,5
anon-10,both,18,review,pos,amazing,5
anon-10,social,19,solo,neg,okay,1
anon-10,social,20,song,pos,okay,3
anon-10,informative,21,film,pos,amazing,5
anon-10,no_goal,22,review,neg,okay,1
anon-10,no_goal,23,dance,neg,bad,3
anon-10,both,24,monologue,neg,bad,3
anon-10,social,25,presentation,neg,good,1
anon-10,informative,26,monologue,pos,good,3
anon-10,informative,27,cookie,pos,okay,2
anon-10,no_goal,28,monologue,neg,amazing,2
anon-10,informative,29,painting,neg,amazing,2
anon-10,informative,30,song,neg,terrible,2
anon-10,informative,31,review,pos,bad,1
anon-10,both,32,song,neg,good,1
anon-10,both,33,film,neg,okay,1
anon-10,informative,34,cake,neg,okay,1
anon-10,informative,35,app,neg,good,1
anon-10,social,36,poem,pos,good,4
anon-10,both,37,dance,pos,good,4
anon-10,both,38,solo,pos,terrible,1
anon-10,no_goal,39,presentation,pos,amazing,4
anon-10,no_goal,40,painting,pos,okay,2
anon-11,informative,1,painting,neg,okay,2
anon-11,no_goal,2,app,neg,good,2
anon-11,both,3,cookie,neg,bad,3
anon-11,informative,4,presentation,neg,good,2
anon-11,informative,5,cookie,pos,good,4
anon-11,no_goal,6,film,neg,okay,2
anon-11,social,7,presentation,neg,terrible,2
anon-11,informative,8,app,pos,okay,4
anon-11,informative,9,dance,neg,terrible,2
anon-11,both,10,poem,pos,okay,3
anon-11,informative,11,film,pos,bad,1
anon-11,social,12,cookie,pos,terrible,3
anon-11,social,13,recital,neg,bad,2
anon-11,social,14,solo,pos,bad,1
anon-11,both,15,app,neg,terrible,2
anon-11,no_goal,16,cookie,neg,amazing,2
anon-11,social,17,painting,pos,amazing,5
anon-11,both,18,song,pos,terrible,1
anon-11,both,19,solo,neg,okay,1
anon-11,no_goal,20,song,pos,good,3
anon-11,social,21,cake,neg,good,1
anon-11,social,22,poem,neg,amazing,1
anon-11,no_goal,23,review,neg,bad,2
anon-11,both,24,dance,neg,good,1
anon-11,social,25,monologue,pos,good,3
anon-11,informative,26,recital,neg,amazing,1
anon-11,both,27,monologue,neg,amazing,1
anon-11,informative,28,solo,pos,amazing,5
anon-11,informative,29,monologue,neg,bad,2
anon-11,no_goal,30,poem,neg,terrible,2
anon-11,social,31,song,neg,okay,1
anon-11,social,32,dance,pos,okay,3
anon-11,both,33,review,pos,good,4
anon-11,informative,34,review,pos,terrible,1
anon-11,no_goal,35,recital,pos,okay,3
anon-11,no_goal,36,painting,pos,terrible,1
anon-11,both,37,cake,pos,bad,1
anon-11,no_goal,38,cake,pos,amazing,5
anon-11,both,39,film,pos,amazing,5
anon-11,no_goal,40,presentation,pos,bad,1
anon-12,informative,1,monologue,neg,bad,2
anon-12,informative,2,film,neg,good,4
anon-12,social,3,app,neg,bad,2
anon-12,both,4,presentation,pos,bad,2
anon-12,informative,5,dance,neg,okay,1
anon-12,social,6,monologue,pos,good,2
anon-12,both,7,cake,pos,good,2
anon-12,both,8,poem,neg,okay,1
anon-12,informative,9,cake,pos,terrible,1
anon-12,both,10,review,pos,okay,2
anon-12,no_goal,11,painting,pos,good,2
anon-12,social,12,presentation,neg,good,1
anon-12,informative,13,poem,pos,amazing,5
anon-12,social,14,film,neg,terrible,1
anon-12,no_goal,15,app,pos,okay,2
anon-12,no_goal,16,solo,neg,amazing,5
anon-12,social,17,poem,pos,bad,1
anon-12,no_goal,18,film,pos,bad,1
anon-12,no_goal,19,presentation,pos,amazing,5
anon-12,both,20,solo,neg,bad,2
anon-12,social,21,review,neg,amazing,5
anon-12,both,22,song,neg,good,4
anon-12,informative,23,app,neg,amazing,5
anon-12,both,24,painting,pos,terrible,1
anon-12,social,25,solo,pos,terrible,1
anon-12,no_goal,26,dance,pos,terrible,1
anon-12,informative,27,solo,pos,good,4
anon-12,informative,28,recital,pos,okay,2
anon-12,no_goal,29,review,neg,terrible,1
anon-12,informative,30,song,neg,terrible,1
anon-12,informative,31,cookie,pos,bad,1
anon-12,social,32,song,pos,okay,3
anon-12,social,33,dance,pos,amazing,5
anon-12,no_goal,34,cookie,neg,okay,4
anon-12,no_goal,35,recital,neg,good,1
anon-12,both,36,recital,neg,terrible,1
anon-12,both,37,cookie,pos,amazing,5
anon-12,no_goal,38,cake,neg,bad,1
anon-12,both,39,monologue,neg,amazing,5
anon-12,social,40,painting,neg,okay,1
anon-13,informative,1,cake,pos,bad,1
anon-13,social,2,song,pos,okay,2
anon-13,both,3,review,pos,terrible,1
anon-13,informative,4,recital,pos,good,5
anon-13,social,5,presentation,neg,good,1
anon-13,both,6,app,neg,terrible,2
anon-13,both,7,poem,neg,amazing,2
anon-13,informative,8,poem,neg,bad,3
anon-13,both,9,song,neg,good,2
anon-13,informative,10,app,pos,okay,3
anon-13,no_goal,11,presentation,pos,amazing,4
anon-13,informative,12,cookie,neg,amazing,2
anon-13,informative,13,song,neg,terrible,2
anon-13,informative,14,monologue,pos,amazing,5
anon-13,no_goal,15,cookie,pos,okay,2
anon-13,both,16,dance,pos,good,4
anon-13,informative,17,solo,neg,good,2
anon-13,no_goal,18,cake,neg,okay,2
anon-13,no_goal,19,solo,pos,bad,1
anon-13,informative,20,dance,pos,terrible,1
anon-13,social,21,cookie,neg,bad,1
anon-13,no_goal,22,recital,neg,amazing,2
anon-13,both,23,monologue,neg,okay,2
anon-13,informative,24,film,neg,okay,1
anon-13,both,25,recital,neg,bad,2
anon-13,no_goal,26,painting,neg,terrible,2
anon-13,social,27,monologue,pos,bad,1
anon-13,no_goal,28,app,neg,good,1
anon-13,both,29,presentation,pos,bad,1
anon-13,social,30,poem,pos,good,3
anon-13,both,31,cake,pos,amazing,5
anon-13,social,32,solo,neg,terrible,3
anon-13,no_goal,33,review,pos,good,4
anon-13,social,34,review,neg,okay,2
anon-13,no_goal,35,film,pos,terrible,1
anon-13,no_goal,36,dance,neg,bad,2
anon-13,both,37,painting,pos,okay,3
anon-13,social,38,film,pos,amazing,4
anon-13,social,39,painting,neg,amazing,3
anon-13,social,40,recital,pos,terrible,2
anon-14,social,1,app,neg,terrible,2
anon-14,no_goal,2,solo,neg,good,1
anon-14,both,3,poem,pos,amazing,3
anon-14,social,4,monologue,neg,bad,2
anon-14,social,5,painting,neg,okay,1
anon-14,both,6,painting,pos,terrible,1
anon-14,both,7,presentation,neg,good,1
anon-14,informative,8,app,neg,good,1
anon-14,social,9,review,pos,terrible,1
anon-14,social,10,film,pos,bad,1
anon-14,social,11,recital,neg,good,1
anon-14,no_goal,12,poem,neg,okay,1
anon-14,both,13,review,neg,bad,3
anon-14,both,14,dance,neg,amazing,2
anon-14,social,15,cake,pos,amazing,4
anon-14,social,16,song,neg,amazing,2
anon-14,informative,17,film,pos,amazing,5
anon-14,informative,18,cake,neg,okay,1
anon-14,social,19,presentation,pos,okay,2
anon-14,no_goal,20,cake,pos,terrible,1
anon-14,no_goal,21,recital,pos,amazing,4
anon-14,no_goal,22,cookie,neg,bad,1
anon-14,no_goal,23,song,neg,terrible,1
anon-14,both,24,recital,pos,bad,1
anon-14,no_goal,25,painting,pos,good,3
anon-14,informative,26,poem,pos,bad,1
anon-14,no_goal,27,monologue,pos,okay,2
anon-14,both,28,cookie,pos,good,3
anon-14,informative,29,monologue,neg,amazing,2
anon-14,no_goal,30,review,neg,amazing,1
anon-14,both,31,film,neg,okay,1
anon-14,informative,32,presentation,neg,terrible,3
anon-14,informative,33,cookie,pos,terrible,1
anon-14,both,34,solo,neg,terrible,3
anon-14,no_goal,35,app,pos,bad,1
anon-14,informative,36,review,pos,good,4
anon-14,informative,37,dance,neg,bad,2
anon-14,both,38,song,pos,okay,3
anon-14,social,39,dance,pos,good,3
anon-14,informative,40,solo,pos,okay,3
anon-15,social,1,song,pos,good,3
anon-15,informative,2,dance,pos,terrible,1
anon-15,social,3,solo,neg,okay,2
anon-15,informative,4,film,pos,okay,3
anon-15,social,5,poem,neg,terrible,3
anon-15,social,6,recital,neg,bad,3
anon-15,both,7,dance,pos,good,4
anon-15,no_goal,8,monologue,neg,terrible,3
anon-15,informative,9,app,pos,bad,1
anon-15,no_goal,10,app,neg,okay,2
anon-15,informative,11,painting,neg,terrible,3
anon-15,informative,12,presentation,pos,amazing,5
anon-15,no_goal,13,poem,pos,bad,2
anon-15,informative,14,song,neg,bad,3
anon-15,social,15,painting,pos,okay,3
anon-15,both,16,app,pos,amazing,5
anon-15,informative,17,review,neg,okay,2
anon-15,social,18,monologue,neg,amazing,3
anon-15,no_goal,19,solo,pos,good,4
anon-15,both,20,song,neg,amazing,3
anon-15,no_goal,21,recital,pos,okay,3
anon-15,social,22,cake,pos,terrible,1
anon-15,no_goal,23,cake,neg,amazing,3
anon-15,both,24,film,neg,terrible,3
anon-15,social,25,review,pos,amazing,3
anon-15,informative,26,poem,neg,good,3
anon-15,no_goal,27,cookie,pos,amazing,4
anon-15,both,28,painting,neg,good,1
anon-15,both,29,presentation,neg,okay,2
anon-15,informative,30,cake,pos,good,4
anon-15,social,31,cookie,neg,good,2
anon-15,both,32,solo,pos,terrible,1
anon-15,both,33,cookie,pos,bad,2
anon-15,both,34,cake,neg,bad,3
anon-15,informative,35,recital,neg,amazing,3
anon-15,no_goal,36,dance,neg,bad,2
anon-15,no_goal,37,review,pos,terrible,1
anon-15,social,38,presentation,pos,bad,3
anon-15,no_goal,39,film,neg,good,3
anon-15,both,40,monologue,pos,okay,4
anon-16,informative,1,dance,neg,amazing,2
anon-16,social,2,solo,neg,good,1
anon-16,no_goal,3,presentation,pos,good,4
anon-16,both,4,cake,neg,amazing,2
anon-16,informative,5,monologue,pos,amazing,5
anon-16,social,6,presentation,neg,okay,2
anon-16,both,7,presentation,pos,terrible,1
anon-16,informative,8,recital,pos,terrible,1
anon-16,social,9,cookie,pos,terrible,1
anon-16,both,10,cookie,neg,bad,3
anon-16,both,11,app,neg,good,2
anon-16,no_goal,12,painting,pos,terrible,1
anon-16,social,13,song,neg,terrible,2
anon-16,informative,14,cookie,pos,good,4
anon-16,no_goal,15,recital,neg,bad,3
anon-16,informative,16,painting,neg,okay,2
anon-16,no_goal,17,song,pos,bad,2
anon-16,informative,18,poem,pos,bad,2
anon-16,both,19,review,neg,terrible,3
anon-16,informative,20,review,pos,okay,3
anon-16,no_goal,21,cookie,neg,amazing,2
anon-16,informative,22,song,neg,good,2
anon-16,both,23,film,pos,okay,3
anon-16,no_goal,24,solo,pos,amazing,5
anon-16,social,25,cake,pos,good,3
anon-16,both,26,monologue,neg,okay,2
anon-16,both,27,recital,pos,good,4
anon-16,no_goal,28,dance,pos,okay,3
anon-16,social,29,painting,pos,amazing,4
anon-16,informative,30,app,neg,terrible,2
anon-16,both,31,solo,pos,bad,2
anon-16,no_goal,32,poem,neg,okay,2
anon-16,social,33,monologue,pos,bad,2
anon-16,informative,34,cake,neg,bad,3
anon-16,social,35,app,pos,okay,2
anon-16,both,36,poem,pos,amazing,5
anon-16,no_goal,37,review,neg,good,2
anon-16,social,38,film,neg,amazing,3
anon-16,no_goal,39,film,neg,terrible,2
anon-16,social,40,dance,neg,bad,2
anon-17,both,1,dance,pos,terrible,2
anon-17,no_goal,2,dance,pos,good,3
anon-17,no_goal,3,poem,neg,terrible,3
anon-17,no_goal,4,monologue,neg,bad,3
anon-17,no_goal,5,presentation,pos,amazing,4
anon-17,no_goal,6,recital,pos,terrible,2
anon-17,informative,7,cookie,pos,bad,2
anon-17,both,8,review,neg,amazing,3
anon-17,social,9,solo,neg,terrible,3
anon-17,informative,10,monologue,pos,terrible,1
anon-17,social,11,poem,neg,amazing,3
anon-17,social,12,review,pos,good,4
anon-17,no_goal,13,film,pos,okay,3
anon-17,informative,14,film,neg,amazing,3
anon-17,no_goal,15,solo,pos,bad,2
anon-17,both,16,painting,neg,okay,2
anon-17,social,17,painting,pos,bad,2
anon-17,both,18,poem,pos,okay,3
anon-17,both,19,song,neg,bad,3
anon-17,social,20,song,pos,terrible,2
anon-17,social,21,dance,neg,okay,2
anon-17,informative,22,app,neg,terrible,3
anon-17,social,23,app,pos,okay,3
anon-17,no_goal,24,song,neg,amazing,3
anon-17,both,25,cake,neg,terrible,3
anon-17,informative,26,song,pos,good,4
anon-17,informative,27,recital,neg,okay,2
anon-17,informative,28,solo,neg,good,2
anon-17,social,29,recital,pos,amazing,4
anon-17,both,30,presentation,pos,bad,2
anon-17,social,31,film,neg,bad,3
anon-17,informative,32,painting,pos,amazing,4
anon-17,no_goal,33,cookie,neg,okay,2
anon-17,both,34,monologue,pos,good,4
anon-17,no_goal,35,cake,neg,good,2
anon-17,both,36,cookie,pos,amazing,4
anon-17,both,37,app,neg,good,2
anon-17,informative,38,cake,pos,okay,3
anon-17,informative,39,review,neg,bad,3
anon-17,social,40,presentation,neg,good,2
anon-18,both,1,recital,pos,good,4
anon-18,social,2,poem,pos,terrible,1
anon-18,both,3,solo,pos,okay,3
anon-18,no_goal,4,cake,pos,good,4
anon-18,social,5,solo,neg,amazing,2
anon-18,informative,6,painting,neg,terrible,2
anon-18,informative,7,dance,neg,good,1
anon-18,informative,8,presentation,pos,okay,3
anon-18,informative,9,app,neg,okay,3
anon-18,social,10,cake,neg,okay,2
anon-18,no_goal,11,presentation,neg,good,2
anon-18,both,12,cookie,pos,amazing,5
anon-18,both,13,presentation,neg,terrible,3
anon-18,both,14,film,neg,amazing,1
anon-18,both,15,cake,pos,terrible,1
anon-18,no_goal,16,cookie,neg,okay,2
anon-18,both,17,painting,neg,good,2
anon-18,social,18,song,neg,bad,3
anon-18,informative,19,poem,pos,good,4
anon-18,no_goal,20,app,pos,terrible,1
anon-18,both,21,monologue,neg,okay,1
anon-18,no_goal,22,review,pos,amazing,5
anon-18,no_goal,23,poem,neg,amazing,1
anon-18,no_goal,24,recital,neg,bad,1
anon-18,social,25,monologue,pos,bad,1
anon-18,social,26,review,neg,good,3
anon-18,no_goal,27,dance,pos,bad,1
anon-18,both,28,poem,neg,bad,3
anon-18,informative,29,song,neg,amazing,3
anon-18,informative,30,recital,pos,terrible,1
anon-18,informative,31,monologue,pos,amazing,5
anon-18,informative,32,cookie,pos,bad,3
anon-18,no_goal,33,song,pos,okay,3
anon-18,social,34,painting,pos,okay,3
anon-18,social,35,film,pos,good,4
anon-18,social,36,app,pos,amazing,5
anon-18,no_goal,37,solo,neg,terrible,3
anon-18,informative,38,film,neg,bad,3
anon-18,social,39,dance,neg,terrible,3
anon-18,both,40,review,pos,bad,1
anon-19,social,1,song,neg,okay,1
anon-19,both,2,cookie,neg,bad,2
anon-19,social,3,solo,neg,amazing,2
anon-19,social,4,recital,pos,amazing,5
anon-19,informative,5,dance,pos,bad,1
anon-19,no_goal,6,film,pos,okay,3
anon-19,informative,7,poem,neg,terrible,2
anon-19,both,8,app,pos,good,4
anon-19,no_goal,9,painting,pos,bad,1
anon-19,informative,10,cake,pos,okay,3
anon-19,both,11,solo,pos,okay,3
anon-19,social,12,monologue,neg,good,1
anon-19,no_goal,13,solo,neg,terrible,2
anon-19,social,14,review,pos,good,4
anon-19,both,15,monologue,pos,bad,1
anon-19,both,16,poem,neg,good,2
anon-19,no_goal,17,app,neg,bad,2
anon-19,both,18,cake,neg,terrible,2
anon-19,social,19,film,neg,bad,2
anon-19,informative,20,recital,neg,okay,2
anon-19,informative,21,film,neg,amazing,2
anon-19,social,22,poem,pos,okay,3
anon-19,social,23,cookie,pos,terrible,1
anon-19,informative,24,app,pos,terrible,1
anon-19,social,25,painting,neg,terrible,2
anon-19,informative,26,cookie,pos,good,4
anon-19,no_goal,27,song,pos,good,4
anon-19,no_goal,28,monologue,pos,amazing,5
anon-19,social,29,presentation,pos,bad,1
anon-19,no_goal,30,cookie,neg,amazing,2
anon-19,both,31,song,pos,terrible,1
anon-19,both,32,presentation,neg,okay,2
anon-19,both,33,review,neg,amazing,2
anon-19,no_goal,34,cake,neg,good,2
anon-19,no_goal,35,dance,neg,okay,2
anon-19,both,36,dance,pos,amazing,5
anon-19,informative,37,review,neg,bad,2
anon-19,no_goal,38,recital,pos,terrible,1
anon-19,informative,39,painting,neg,good,2
anon-19,informative,40,presentation,pos,amazing,5
anon-2,social,1,cookie,neg,bad,3
anon-2,no_goal,2,dance,pos,terrible,1
anon-2,both,3,cake,neg,good,3
anon-2,no_goal,4,presentation,neg,amazing,3
anon-2,social,5,presentation,pos,terrible,2
anon-2,both,6,poem,pos,amazing,3
anon-2,both,7,song,pos,good,4
anon-2,both,8,monologue,neg,okay,2
anon-2,both,9,app,pos,okay,3
anon-2,both,10,recital,pos,terrible,1
anon-2,no_goal,11,solo,pos,amazing,4
anon-2,no_goal,12,recital,pos,good,3
anon-2,no_goal,13,song,neg,bad,3
anon-2,both,14,solo,pos,bad,2
anon-2,social,15,recital,neg,okay,3
anon-2,informative,16,review,neg,good,2
anon-2,no_goal,17,poem,neg,okay,3
anon-2,social,18,monologue,pos,bad,2
anon-2,informative,19,cookie,neg,amazing,2
anon-2,social,20,dance,pos,amazing,4
anon-2,no_goal,21,cookie,pos,okay,3
anon-2,informative,22,monologue,pos,amazing,5
anon-2,informative,23,dance,neg,okay,2
anon-2,no_goal,24,review,pos,bad,2
anon-2,both,25,film,neg,amazing,3
anon-2,informative,26,film,neg,bad,3
anon-2,informative,27,presentation,pos,good,3
anon-2,informative,28,song,pos,terrible,1
anon-2,no_goal,29,painting,neg,good,3
anon-2,both,30,presentation,neg,bad,3
anon-2,informative,31,poem,pos,bad,2
anon-2,social,32,review,neg,terrible,2
anon-2,social,33,solo,neg,good,2
anon-2,social,34,app,neg,amazing,3
anon-2,no_goal,35,app,neg,terrible,2
anon-2,social,36,cake,pos,okay,3
anon-2,informative,37,painting,pos,okay,3
anon-2,social,38,film,pos,good,3
anon-2,informative,39,cake,neg,terrible,2
anon-2,both,40,painting,neg,terrible,2
anon-20,social,1,presentation,neg,okay,2
anon-20,no_goal,2,song,neg,terrible,4
anon-20,no_goal,3,presentation,pos,good,5
anon-20,no_goal,4,monologue,neg,bad,3
anon-20,social,5,cake,pos,good,2
anon-20,both,6,solo,neg,bad,3
anon-20,both,7,recital,neg,okay,2
anon-20,informative,8,review,neg,amazing,2
anon-20,social,9,solo,pos,terrible,1
anon-20,informative,10,cookie,neg,terrible,3
anon-20,informative,11,painting,pos,okay,3
anon-20,no_goal,12,solo,neg,amazing,1
anon-20,social,13,app,neg,good,3
anon-20,informative,14,dance,neg,good,1
anon-20,both,15,presentation,pos,terrible,2
anon-20,both,16,song,pos,okay,3
anon-20,informative,17,recital,pos,amazing,5
anon-20,no_goal,18,film,neg,okay,2
anon-20,both,19,cake,neg,amazing,1
anon-20,both,20,cookie,neg,good,2
anon-20,no_goal,21,poem,pos,terrible,1
anon-20,both,22,film,pos,amazing,2
anon-20,informative,23,poem,neg,okay,2
anon-20,no_goal,24,review,pos,okay,3
anon-20,social,25,song,neg,amazing,2
anon-20,both,26,painting,neg,terrible,4
anon-20,both,27,app,pos,bad,2
anon-20,informative,28,monologue,pos,terrible,1
anon-20,informative,29,film,pos,bad,1
anon-20,informative,30,solo,pos,good,4
anon-20,informative,31,cake,neg,bad,4
anon-20,social,32,recital,pos,bad,2
anon-20,no_goal,33,dance,pos,bad,2
anon-20,social,34,dance,neg,terrible,2
anon-20,social,35,review,neg,bad,2
anon-20,both,36,monologue,pos,good,2
anon-20,no_goal,37,app,pos,amazing,5
anon-20,social,38,cookie,pos,okay,2
anon-20,no_goal,39,painting,neg,good,1
anon-20,social,40,poem,pos,amazing,2
anon-21,both,1,cookie,pos,good,3
anon-21,informative,2,solo,pos,okay,3
anon-21,both,3,solo,neg,terrible,2
anon-21,both,4,film,pos,okay,3
anon-21,no_goal,5,solo,neg,good,1
anon-21,informative,6,presentation,neg,terrible,2
anon-21,no_goal,7,monologue,pos,amazing,5
anon-21,informative,8,poem,neg,good,1
anon-21,both,9,review,neg,okay,1
anon-21,no_goal,10,cookie,neg,bad,3
anon-21,no_goal,11,recital,pos,good,4
anon-21,informative,12,cake,pos,bad,3
anon-21,informative,13,app,neg,okay,1
anon-21,both,14,dance,neg,amazing,2
anon-21,no_goal,15,poem,pos,bad,1
anon-21,informative,16,dance,neg,bad,3
anon-21,social,17,recital,neg,okay,1
anon-21,no_goal,18,app,pos,terrible,1
anon-21,social,19,painting,neg,bad,2
anon-21,no_goal,20,film,neg,terrible,2
anon-21,social,21,app,pos,amazing,4
anon-21,social,22,dance,pos,good,3
anon-21,social,23,presentation,pos,okay,3
anon-21,informative,24,review,pos,amazing,5
anon-21,both,25,monologue,pos,bad,3
anon-21,informative,26,cookie,pos,terrible,1
anon-21,social,27,song,pos,terrible,1
anon-21,both,28,cake,pos,amazing,5
anon-21,informative,29,painting,neg,amazing,2
anon-21,no_goal,30,cake,neg,okay,1
anon-21,social,31,monologue,neg,good,1
anon-21,no_goal,32,song,neg,amazing,1
anon-21,social,33,film,neg,amazing,1
anon-21,no_goal,34,painting,pos,okay,3
anon-21,social,35,review,pos,bad,1
anon-21,both,36,recital,pos,terrible,1
anon-21,informative,37,song,pos,good,4
anon-21,social,38,poem,neg,terrible,2
anon-21,both,39,presentation,neg,good,1
anon-21,both,40,song,neg,bad,2
anon-22,no_goal,1,cake,pos,bad,2
anon-22,no_goal,2,poem,neg,terrible,2
anon-22,social,3,poem,neg,amazing,3
anon-22,informative,4,monologue,pos,bad,2
anon-22,no_goal,5,painting,pos,good,4
anon-22,both,6,review,neg,okay,2
anon-22,both,7,monologue,pos,amazing,5
anon-22,both,8,cookie,pos,good,4
anon-22,both,9,app,neg,bad,3
anon-22,both,10,song,neg,terrible,2
anon-22,both,11,solo,neg,good,3
anon-22,social,12,review,pos,bad,1
anon-22,informative,13,app,pos,good,4
anon-22,informative,14,song,pos,okay,3
anon-22,social,15,presentation,neg,bad,1
anon-22,both,16,painting,pos,terrible,1
anon-22,social,17,app,pos,terrible,1
anon-22,social,18,film,pos,good,3
anon-22,social,19,recital,pos,amazing,4
anon-22,informative,20,cake,neg,good,2
anon-22,informative,21,cookie,pos,terrible,1
anon-22,social,22,solo,pos,okay,2
anon-22,social,23,dance,neg,good,2
anon-22,no_goal,24,recital,pos,terrible,1
anon-22,informative,25,presentation,neg,amazing,3
anon-22,informative,26,recital,neg,okay,2
anon-22,no_goal,27,cookie,neg,bad,3
anon-22,both,28,film,neg,amazing,4
anon-22,no_goal,29,monologue,neg,okay,2
anon-22,both,30,poem,pos,okay,3
anon-22,both,31,dance,pos,bad,2
anon-22,no_goal,32,app,neg,amazing,3
anon-22,no_goal,33,presentation,pos,okay,3
anon-22,social,34,painting,neg,okay,2
anon-22,no_goal,35,song,neg,good,2
anon-22,informative,36,review,pos,amazing,5
anon-22,social,37,cake,neg,terrible,2
anon-22,informative,38,solo,neg,terrible,2
anon-22,informative,39,film,neg,bad,3
anon-22,no_goal,40,dance,pos,amazing,5
anon-23,social,1,dance,neg,terrible,1
anon-23,both,2,solo,neg,bad,1
anon-23,both,3,cookie,pos,okay,2
anon-23,both,4,film,neg,terrible,1
anon-23,both,5,recital,pos,terrible,1
anon-23,no_goal,6,song,pos,terrible,1
anon-23,informative,7,presentation,pos,terrible,1
anon-23,social,8,song,pos,amazing,3
anon-23,informative,9,dance,neg,good,1
anon-23,informative,10,app,neg,terrible,3
anon-23,informative,11,song,neg,okay,1
anon-23,both,12,review,pos,bad,1
anon-23,both,13,monologue,neg,okay,2
anon-23,no_goal,14,film,neg,good,1
anon-23,informative,15,monologue,pos,amazing,5
anon-23,social,16,app,pos,okay,2
anon-23,social,17,recital,neg,okay,1
anon-23,both,18,poem,neg,amazing,3
anon-23,informative,19,cake,neg,amazing,3
anon-23,social,20,poem,pos,good,3
anon-23,no_goal,21,cookie,neg,terrible,2
anon-23,no_goal,22,solo,neg,amazing,2
anon-23,no_goal,23,recital,pos,good,4
anon-23,informative,24,painting,pos,bad,1
anon-23,social,25,cake,neg,bad,2
anon-23,both,26,painting,pos,amazing,5
anon-23,social,27,monologue,pos,bad,1
anon-23,informative,28,poem,neg,bad,3
anon-23,no_goal,29,painting,neg,okay,1
anon-23,social,30,review,neg,good,1
anon-23,no_goal,31,presentation,neg,bad,3
anon-23,no_goal,32,review,pos,amazing,5
anon-23,informative,33,film,pos,okay,3
anon-23,no_goal,34,cake,pos,okay,3
anon-23,both,35,app,neg,good,1
anon-23,no_goal,36,dance,pos,bad,1
anon-23,informative,37,solo,pos,good,4
anon-23,social,38,solo,pos,terrible,1
anon-23,both,39,presentation,pos,good,4
anon-23,social,40,cookie,neg,amazing,2
anon-24,social,1,painting,pos,bad,3
anon-24,informative,2,review,neg,good,1
anon-24,both,3,monologue,pos,terrible,2
anon-24,social,4,review,neg,terrible,3
anon-24,no_goal,5,solo,neg,bad,3
anon-24,social,6,app,neg,amazing,2
anon-24,both,7,recital,neg,bad,4
anon-24,both,8,dance,neg,amazing,2
anon-24,social,9,recital,pos,terrible,3
anon-24,informative,10,painting,pos,amazing,5
anon-24,no_goal,11,film,pos,okay,3
anon-24,informative,12,recital,pos,good,4
anon-24,no_goal,13,review,pos,bad,1
anon-24,social,14,song,pos,okay,3
anon-24,informative,15,solo,pos,terrible,1
anon-24,both,16,app,pos,okay,3
anon-24,social,17,cookie,pos,amazing,4
anon-24,informative,18,poem,pos,bad,1
anon-24,no_goal,19,presentation,neg,good,2
anon-24,informative,20,cookie,neg,okay,2
anon-24,both,21,cake,pos,bad,2
anon-24,both,22,presentation,neg,terrible,3
anon-24,no_goal,23,monologue,pos,good,4
anon-24,no_goal,24,cookie,pos,terrible,1
anon-24,both,25,painting,neg,okay,2
anon-24,social,26,monologue,neg,okay,2
anon-24,informative,27,film,neg,amazing,3
anon-24,social,28,cake,neg,good,2
anon-24,no_goal,29,poem,neg,okay,2
anon-24,no_goal,30,recital,neg,amazing,3
anon-24,no_goal,31,cake,pos,amazing,5
anon-24,informative,32,dance,neg,bad,4
anon-24,social,33,dance,pos,good,3
anon-24,no_goal,34,app,neg,terrible,3
anon-24,informative,35,presentation,pos,okay,3
anon-24,both,36,song,neg,good,2
anon-24,both,37,solo,pos,good,4
anon-24,informative,38,song,neg,terrible,3
anon-24,social,39,film,neg,bad,3
anon-24,both,40,poem,pos,amazing,5
anon-25,informative,1,cake,neg,okay,1
anon-25,no_goal,2,cake,pos,terrible,1
anon-25,informative,3,presentation,neg,bad,3
anon-25,both,4,dance,pos,amazing,5
anon-25,social,5,recital,neg,bad,2
anon-25,both,6,monologue,neg,okay,1
anon-25,no_goal,7,poem,neg,good,1
anon-25,social,8,song,neg,terrible,2
anon-25,no_goal,9,solo,pos,amazing,5
anon-25,informative,10,monologue,pos,amazing,5
anon-25,no_goal,11,film,pos,good,4
anon-25,social,12,painting,neg,amazing,2
anon-25,social,13,presentation,pos,good,3
anon-25,both,14,review,neg,good,2
anon-25,both,15,app,pos,good,4
anon-25,no_goal,16,cookie,neg,amazing,2
anon-25,informative,17,dance,pos,bad,2
anon-25,social,18,solo,neg,good,2
anon-25,social,19,cake,pos,amazing,4
anon-25,no_goal,20,recital,pos,okay,3
anon-25,no_goal,21,song,pos,bad,1
anon-25,informative,22,review,neg,terrible,2
anon-25,social,23,monologue,pos,bad,1
anon-25,both,24,cookie,neg,bad,3
anon-25,informative,25,recital,neg,amazing,3
anon-25,both,26,painting,pos,okay,3
anon-25,informative,27,song,neg,good,2
anon-25,no_goal,28,app,neg,bad,3
anon-25,social,29,review,pos,okay,2
anon-25,both,30,solo,pos,bad,2
anon-25,both,31,film,pos,terrible,1
anon-25,no_goal,32,dance,neg,okay,1
anon-25,both,33,presentation,neg,amazing,3
anon-25,social,34,cookie,pos,terrible,1
anon-25,informative,35,poem,pos,okay,3
anon-25,informative,36,app,pos,terrible,1
anon-25,social,37,film,neg,okay,1
anon-25,informative,38,cookie,pos,good,4
anon-25,no_goal,39,painting,neg,terrible,2
anon-25,both,40,poem,neg,terrible,2
anon-26,no_goal,1,painting,pos,okay,3
anon-26,no_goal,2,song,neg,amazing,2
anon-26,no_goal,3,presentation,neg,good,2
anon-26,no_goal,4,recital,pos,amazing,5
anon-26,both,5,app,pos,good,4
anon-26,informative,6,painting,neg,amazing,2
anon-26,social,7,recital,neg,good,1
anon-26,informative,8,app,pos,terrible,1
anon-26,social,9,poem,neg,okay,2
anon-26,both,10,poem,pos,terrible,1
anon-26,no_goal,11,cake,neg,okay,2
anon-26,social,12,monologue,pos,bad,1
anon-26,social,13,film,pos,amazing,3
anon-26,social,14,cookie,pos,good,3
anon-26,informative,15,film,neg,okay,2
anon-26,both,16,recital,pos,bad,2
anon-26,both,17,song,neg,bad,2
anon-26,social,18,review,pos,okay,3
anon-26,no_goal,19,poem,pos,good,4
anon-26,informative,20,monologue,pos,amazing,5
anon-26,both,21,cake,pos,amazing,5
anon-26,informative,22,dance,neg,good,2
anon-26,informative,23,cookie,neg,bad,3
anon-26,informative,24,song,pos,good,4
anon-26,both,25,monologue,neg,okay,2
anon-26,social,26,solo,neg,amazing,1
anon-26,social,27,dance,neg,terrible,1
anon-26,informative,28,cake,pos,bad,1
anon-26,informative,29,presentation,pos,okay,3
anon-26,both,30,solo,pos,okay,3
anon-26,no_goal,31,dance,pos,bad,1
anon-26,both,32,presentation,neg,terrible,2
anon-26,social,33,painting,neg,bad,2
anon-26,no_goal,34,solo,neg,terrible,2
anon-26,no_goal,35,app,neg,bad,2
anon-26,informative,36,review,neg,terrible,2
anon-26,social,37,song,pos,terrible,1
anon-26,no_goal,38,film,pos,terrible,1
anon-26,both,39,review,neg,good,2
anon-26,both,40,cookie,neg,amazing,3
anon-27,both,1,cookie,pos,okay,1
anon-27,both,2,painting,neg,amazing,2
anon-27,both,3,app,neg,bad,2
anon-27,no_goal,4,cake,pos,terrible,1
anon-27,informative,5,recital,pos,terrible,1
anon-27,social,6,dance,neg,bad,2
anon-27,social,7,review,pos,bad,1
anon-27,informative,8,review,pos,amazing,5
anon-27,informative,9,presentation,neg,good,1
anon-27,informative,10,cake,neg,okay,1
anon-27,informative,11,painting,neg,bad,2
anon-27,social,12,painting,pos,good,2
anon-27,both,13,review,neg,okay,1
anon-27,both,14,monologue,pos,terrible,1
anon-27,no_goal,15,poem,neg,okay,3
anon-27,both,16,film,neg,terrible,2
anon-27,both,17,recital,pos,good,3
anon-27,social,18,solo,neg,good,1
anon-27,both,19,song,neg,good,1
anon-27,both,20,poem,pos,amazing,4
anon-27,social,21,presentation,neg,terrible,1
anon-27,no_goal,22,presentation,pos,bad,1
anon-27,no_goal,23,monologue,pos,good,4
anon-27,no_goal,24,solo,pos,amazing,5
anon-27,informative,25,film,pos,okay,3
anon-27,no_goal,26,app,neg,amazing,2
anon-27,social,27,app,pos,terrible,1
anon-27,both,28,solo,pos,bad,1
anon-27,informative,29,poem,pos,bad,1
anon-27,no_goal,30,film,neg,good,1
anon-27,informative,31,dance,neg,amazing,2
anon-27,social,32,cookie,neg,amazing,2
anon-27,informative,33,song,neg,terrible,2
anon-27,social,34,monologue,neg,okay,1
anon-27,no_goal,35,cookie,neg,terrible,2
anon-27,social,36,cake,pos,amazing,4
anon-27,no_goal,37,dance,pos,okay,3
anon-27,no_goal,38,recital,neg,bad,3
anon-27,informative,39,app,pos,good,3
anon-27,social,40,song,pos,okay,2
anon-28,informative,1,film,neg,amazing,1
anon-28,informative,2,painting,neg,bad,3
anon-28,informative,3,recital,neg,terrible,3
anon-28,social,4,presentation,neg,amazing,2
anon-28,social,5,poem,neg,terrible,3
anon-28,informative,6,dance,neg,okay,1
anon-28,no_goal,7,presentation,neg,terrible,2
anon-28,both,8,monologue,pos,amazing,5
anon-28,informative,9,poem,neg,good,1
anon-28,both,10,cookie,pos,bad,1
anon-28,no_goal,11,cake,neg,bad,3
anon-28,no_goal,12,dance,pos,terrible,1
anon-28,both,13,app,neg,bad,3
anon-28,social,14,dance,pos,amazing,5
anon-28,no_goal,15,poem,pos,bad,1
anon-28,social,16,app,pos,terrible,1
anon-28,both,17,presentation,pos,okay,3
anon-28,informative,18,app,pos,good,4
anon-28,social,19,cookie,neg,good,2
anon-28,social,20,recital,pos,okay,3
anon-28,both,21,painting,neg,amazing,2
anon-28,no_goal,22,song,pos,good,4
anon-28,both,23,song,pos,terrible,1
anon-28,both,24,cake,pos,good,4
anon-28,informative,25,solo,pos,amazing,5
anon-28,informative,26,monologue,pos,bad,2
anon-28,social,27,solo,pos,bad,1
anon-28,both,28,review,neg,terrible,3
anon-28,no_goal,29,film,pos,okay,3
anon-28,no_goal,30,review,neg,good,1
anon-28,social,31,song,neg,okay,2
anon-28,no_goal,32,monologue,neg,okay,2
anon-28,informative,33,cake,pos,terrible,1
anon-28,social,34,painting,pos,good,4
anon-28,both,35,recital,neg,good,2
anon-28,both,36,solo,neg,okay,2
anon-28,no_goal,37,cookie,pos,amazing,5
anon-28,no_goal,38,app,neg,amazing,2
anon-28,informative,39,review,pos,okay,3
anon-28,social,40,film,neg,bad,2
anon-29,both,1,presentation,pos,amazing,5
anon-29,no_goal,2,presentation,neg,okay,3
anon-29,social,3,painting,neg,amazing,1
anon-29,no_goal,4,song,neg,good,1
anon-29,social,5,recital,pos,terrible,1
anon-29,no_goal,6,cake,pos,okay,3
anon-29,no_goal,7,recital,neg,amazing,2
anon-29,informative,8,recital,pos,good,4
anon-29,both,9,poem,pos,good,3
anon-29,both,10,review,neg,okay,1
anon-29,informative,11,app,neg,terrible,3
anon-29,both,12,song,neg,terrible,3
anon-29,informative,13,presentation,pos,bad,1
anon-29,no_goal,14,dance,pos,terrible,1
anon-29,both,15,painting,pos,okay,3
anon-29,no_goal,16,solo,pos,amazing,5
anon-29,social,17,cookie,neg,okay,1
anon-29,social,18,film,pos,good,3
anon-29,social,19,app,pos,okay,2
anon-29,no_goal,20,monologue,pos,bad,1
anon-29,informative,21,monologue,neg,good,1
anon-29,social,22,solo,neg,good,1
anon-29,both,23,app,neg,good,1
anon-29,informative,24,review,pos,amazing,5
anon-29,informative,25,dance,neg,okay,2
anon-29,social,26,dance,pos,amazing,4
anon-29,social,27,cake,neg,bad,3
anon-29,both,28,recital,neg,bad,3
anon-29,social,29,review,pos,bad,1
anon-29,no_goal,30,poem,neg,bad,2
anon-29,both,31,solo,pos,bad,1
anon-29,informative,32,poem,pos,terrible,1
anon-29,both,33,film,neg,amazing,2
anon-29,social,34,monologue,neg,terrible,2
anon-29,informative,35,film,neg,bad,2
anon-29,no_goal,36,cookie,pos,good,3
anon-29,informative,37,cake,neg,amazing,2
anon-29,no_goal,38,painting,neg,terrible,3
anon-29,informative,39,song,pos,okay,3
anon-29,both,40,cookie,pos,terrible,1
anon-3,no_goal,1,cake,neg,okay,2
anon-3,both,2,film,neg,amazing,1
anon-3,informative,3,dance,pos,okay,3
anon-3,informative,4,monologue,neg,terrible,3
anon-3,no_goal,5,solo,neg,terrible,3
anon-3,informative,6,painting,neg,amazing,3
anon-3,both,7,song,neg,bad,3
anon-3,no_goal,8,song,neg,amazing,2
anon-3,no_goal,9,dance,neg,good,2
anon-3,social,10,song,pos,terrible,1
anon-3,social,11,film,pos,good,4
anon-3,informative,12,presentation,neg,good,2
anon-3,both,13,poem,neg,okay,2
anon-3,social,14,monologue,pos,okay,3
anon-3,no_goal,15,recital,neg,bad,3
anon-3,social,16,app,pos,amazing,5
anon-3,no_goal,17,review,pos,good,4
anon-3,social,18,cookie,neg,good,2
anon-3,social,19,presentation,neg,terrible,2
anon-3,social,20,review,neg,okay,1
anon-3,both,21,dance,neg,terrible,2
anon-3,social,22,poem,pos,bad,2
anon-3,informative,23,cake,pos,bad,1
anon-3,informative,24,film,neg,bad,2
anon-3,no_goal,25,cookie,pos,amazing,4
anon-3,both,26,monologue,neg,good,2
anon-3,social,27,painting,neg,bad,3
anon-3,no_goal,28,app,pos,terrible,1
anon-3,no_goal,29,painting,pos,okay,3
anon-3,both,30,cookie,pos,bad,1
anon-3,no_goal,31,presentation,pos,bad,1
anon-3,both,32,recital,pos,good,4
anon-3,both,33,solo,pos,okay,3
anon-3,informative,34,song,pos,good,4
anon-3,informative,35,poem,pos,amazing,4
anon-3,social,36,solo,neg,amazing,2
anon-3,informative,37,recital,pos,terrible,1
anon-3,both,38,cake,pos,amazing,4
anon-3,informative,39,app,neg,okay,1
anon-3,both,40,review,pos,terrible,1
anon-30,social,1,poem,pos,amazing,2
anon-30,informative,2,painting,neg,amazing,4
anon-30,both,3,dance,pos,terrible,4
anon-30,social,4,recital,pos,good,2
anon-30,no_goal,5,review,neg,good,2
anon-30,both,6,monologue,pos,bad,1
anon-30,informative,7,cake,pos,terrible,1
anon-30,both,8,app,neg,good,1
anon-30,informative,9,solo,pos,bad,1
anon-30,no_goal,10,presentation,pos,bad,1
anon-30,no_goal,11,solo,neg,okay,2
anon-30,both,12,cake,pos,good,3
anon-30,informative,13,presentation,neg,good,1
anon-30,both,14,film,pos,okay,2
anon-30,social,15,presentation,neg,terrible,1
anon-30,informative,16,cookie,pos,amazing,5
anon-30,no_goal,17,poem,pos,terrible,1
anon-30,no_goal,18,cake,neg,bad,2
anon-30,social,19,monologue,neg,good,1
anon-30,both,20,review,neg,terrible,1
anon-30,social,21,song,pos,terrible,1
anon-30,both,22,song,neg,bad,1
anon-30,social,23,dance,neg,okay,1
anon-30,informative,24,song,pos,good,4
anon-30,social,25,painting,neg,bad,2
anon-30,social,26,cookie,pos,bad,1
anon-30,both,27,solo,pos,amazing,4
anon-30,informative,28,poem,neg,okay,2
anon-30,no_goal,29,song,neg,amazing,3
anon-30,both,30,recital,neg,amazing,2
anon-30,social,31,film,neg,amazing,2
anon-30,no_goal,32,monologue,pos,amazing,5
anon-30,no_goal,33,film,neg,terrible,2
anon-30,both,34,cookie,neg,okay,1
anon-30,informative,35,recital,neg,bad,2
anon-30,social,36,app,pos,okay,2
anon-30,informative,37,review,pos,okay,2
anon-30,no_goal,38,painting,pos,okay,2
anon-30,no_goal,39,dance,pos,good,3
anon-30,informative,40,app,neg,terrible,2
anon-31,no_goal,1,cake,pos,terrible,1
anon-31,both,2,painting,pos,good,3
anon-31,social,3,presentation,pos,okay,2
anon-31,social,4,film,pos,good,4
anon-31,both,5,app,neg,okay,3
anon-31,informative,6,review,pos,good,4
anon-31,social,7,poem,neg,amazing,3
anon-31,both,8,review,neg,bad,2
anon-31,both,9,song,pos,amazing,5
anon-31,no_goal,10,dance,neg,good,2
anon-31,no_goal,11,solo,pos,bad,4
anon-31,no_goal,12,review,neg,amazing,2
anon-31,social,13,cookie,neg,good,1
anon-31,no_goal,14,recital,pos,okay,3
anon-31,no_goal,15,cookie,pos,amazing,5
anon-31,informative,16,dance,pos,okay,3
anon-31,informative,17,presentation,neg,terrible,2
anon-31,informative,18,solo,neg,good,1
anon-31,informative,19,song,pos,bad,1
anon-31,both,20,poem,pos,okay,3
anon-31,no_goal,21,painting,neg,bad,2
anon-31,no_goal,22,monologue,pos,good,4
anon-31,informative,23,cake,neg,okay,2
anon-31,both,24,presentation,neg,good,2
anon-31,informative,25,painting,pos,terrible,1
anon-31,informative,26,film,neg,bad,2
anon-31,social,27,review,pos,terrible,1
anon-31,both,28,dance,neg,terrible,2
anon-31,informative,29,recital,neg,amazing,2
anon-31,social,30,solo,neg,terrible,2
anon-31,no_goal,31,song,neg,okay,1
anon-31,both,32,monologue,pos,terrible,1
anon-31,both,33,film,neg,amazing,2
anon-31,social,34,monologue,neg,okay,1
anon-31,social,35,app,pos,bad,1
anon-31,social,36,cake,pos,amazing,3
anon-31,social,37,recital,neg,bad,2
anon-31,no_goal,38,poem,neg,terrible,2
anon-31,informative,39,app,pos,amazing,5
anon-31,both,40,cookie,pos,bad,1
anon-32,informative,1,presentation,pos,good,3
anon-32,social,2,app,neg,good,1
anon-32,no_goal,3,solo,neg,bad,2
anon-32,social,4,cookie,pos,good,2
anon-32,informative,5,song,pos,okay,3
anon-32,social,6,cake,pos,amazing,3
anon-32,both,7,solo,pos,good,2
anon-32,no_goal,8,painting,pos,bad,1
anon-32,no_goal,9,poem,neg,okay,1
anon-32,no_goal,10,recital,pos,okay,2
anon-32,no_goal,11,presentation,neg,amazing,3
anon-32,both,12,app,pos,bad,1
anon-32,no_goal,13,film,pos,good,4
anon-32,no_goal,14,cake,pos,terrible,1
anon-32,social,15,presentation,pos,terrible,1
anon-32,no_goal,16,song,neg,good,2
anon-32,informative,17,recital,neg,amazing,3
anon-32,informative,18,painting,neg,good,2
anon-32,social,19,dance,pos,okay,2
anon-32,informative,20,poem,pos,bad,1
anon-32,both,21,presentation,neg,bad,2
anon-32,both,22,song,neg,terrible,2
anon-32,informative,23,review,pos,amazing,5
anon-32,both,24,monologue,pos,okay,3
anon-32,both,25,review,neg,okay,2
anon-32,informative,26,cake,neg,okay,2
anon-32,informative,27,dance,neg,terrible,2
anon-32,no_goal,28,app,pos,amazing,5
anon-32,social,29,recital,neg,bad,2
anon-32,social,30,review,pos,bad,1
anon-32,social,31,painting,neg,terrible,2
anon-32,social,32,film,neg,okay,2
anon-32,informative,33,cookie,neg,bad,2
anon-32,no_goal,34,monologue,neg,terrible,2
anon-32,both,35,cookie,neg,amazing,3
anon-32,social,36,monologue,neg,amazing,3
anon-32,both,37,film,pos,terrible,1
anon-32,informative,38,solo,pos,terrible,1
anon-32,both,39,poem,pos,amazing,5
anon-32,both,40,dance,neg,good,1
anon-33,both,1,song,neg,bad,4
anon-33,both,2,dance,neg,okay,3
anon-33,social,3,monologue,neg,terrible,2
anon-33,no_goal,4,cake,pos,amazing,4
anon-33,informative,5,cookie,pos,okay,5
anon-33,no_goal,6,cookie,neg,good,3
anon-33,both,7,app,pos,okay,2
anon-33,social,8,presentation,neg,bad,4
anon-33,both,9,review,pos,good,3
anon-33,informative,10,dance,pos,amazing,4
anon-33,informative,11,review,pos,terrible,5
anon-33,informative,12,painting,neg,bad,3
anon-33,no_goal,13,poem,neg,okay,2
anon-33,no_goal,14,presentation,pos,okay,5
anon-33,both,15,film,neg,good,3
anon-33,social,16,film,pos,okay,4
anon-33,social,17,painting,pos,good,2
anon-33,both,18,solo,pos,terrible,5
anon-33,informative,19,song,pos,good,3
anon-33,social,20,song,pos,terrible,4
anon-33,social,21,app,neg,amazing,2
anon-33,no_goal,22,recital,pos,terrible,4
anon-33,social,23,recital,pos,amazing,5
anon-33,both,24,cookie,neg,terrible,2
anon-33,social,25,solo,neg,okay,4
anon-33,no_goal,26,song,neg,amazing,2
anon-33,informative,27,recital,neg,okay,4
anon-33,informative,28,film,neg,terrible,1
anon-33,informative,29,presentation,neg,amazing,4
anon-33,both,30,poem,pos,amazing,3
anon-33,both,31,painting,neg,amazing,4
anon-33,informative,32,monologue,neg,good,2
anon-33,informative,33,poem,pos,bad,5
anon-33,no_goal,34,app,neg,terrible,3
anon-33,no_goal,35,monologue,pos,bad,3
anon-33,both,36,cake,pos,bad,5
anon-33,social,37,dance,pos,bad,2
anon-33,no_goal,38,review,neg,bad,4
anon-33,social,39,cake,neg,good,5
anon-33,no_goal,40,solo,pos,good,3
anon-34,no_goal,1,song,neg,amazing,1
anon-34,social,2,painting,pos,okay,2
anon-34,informative,3,cookie,neg,good,1
anon-34,informative,4,review,neg,okay,1
anon-34,no_goal,5,cookie,pos,bad,1
anon-34,no_goal,6,recital,neg,terrible,3
anon-34,no_goal,7,presentation,pos,amazing,5
anon-34,both,8,presentation,pos,bad,1
anon-34,social,9,poem,pos,bad,1
anon-34,social,10,review,pos,amazing,5
anon-34,social,11,cookie,neg,terrible,3
anon-34,informative,12,cake,pos,terrible,3
anon-34,no_goal,13,cake,neg,bad,3
anon-34,social,14,monologue,pos,good,3
anon-34,both,15,song,neg,bad,3
anon-34,no_goal,16,review,pos,terrible,1
anon-34,both,17,dance,neg,terrible,2
anon-34,both,18,painting,neg,good,1
anon-34,social,19,song,pos,terrible,1
anon-34,no_goal,20,solo,pos,good,4
anon-34,informative,21,film,pos,bad,1
anon-34,both,22,cake,pos,good,4
anon-34,informative,23,painting,neg,terrible,2
anon-34,both,24,recital,pos,okay,3
anon-34,both,25,poem,neg,okay,1
anon-34,no_goal,26,dance,neg,good,1
anon-34,informative,27,app,neg,amazing,1
anon-34,both,28,film,pos,amazing,5
anon-34,social,29,app,neg,bad,3
anon-34,social,30,presentation,neg,good,1
anon-34,informative,31,monologue,neg,bad,3
anon-34,both,32,solo,pos,terrible,1
anon-34,social,33,recital,neg,amazing,1
anon-34,no_goal,34,app,pos,okay,3
anon-34,social,35,solo,neg,okay,1
anon-34,both,36,monologue,neg,amazing,2
anon-34,informative,37,poem,pos,amazing,5
anon-34,informative,38,dance,pos,okay,3
anon-34,no_goal,39,film,neg,okay,1
anon-34,informative,40,song,pos,good,4
anon-35,informative,1,film,pos,amazing,5
anon-35,no_goal,2,review,pos,okay,3
anon-35,both,3,painting,neg,bad,2
anon-35,informative,4,review,neg,amazing,2
anon-35,no_goal,5,painting,neg,amazing,2
anon-35,informative,6,app,neg,good,1
anon-35,both,7,solo,pos,amazing,5
anon-35,no_goal,8,cookie,neg,terrible,2
anon-35,social,9,film,pos,bad,1
anon-35,no_goal,10,cake,pos,amazing,5
anon-35,no_goal,11,poem,pos,good,4
anon-35,informative,12,solo,pos,bad,1
anon-35,social,13,painting,pos,terrible,1
anon-35,social,14,app,neg,terrible,1
anon-35,social,15,poem,neg,okay,1
anon-35,informative,16,painting,pos,good,4
anon-35,both,17,song,neg,terrible,2
anon-35,both,18,film,neg,okay,1
anon-35,social,19,cake,neg,good,1
anon-35,both,20,monologue,neg,good,1
anon-35,both,21,cookie,pos,okay,3
anon-35,social,22,review,neg,bad,1
anon-35,both,23,cake,pos,bad,1
anon-35,no_goal,24,presentation,neg,bad,2
anon-35,both,25,dance,neg,amazing,2
anon-35,no_goal,26,solo,neg,okay,1
anon-35,social,27,dance,pos,good,2
anon-35,no_goal,28,song,neg,good,1
anon-35,social,29,monologue,pos,okay,2
anon-35,social,30,cookie,neg,amazing,1
anon-35,both,31,presentation,pos,good,4
anon-35,informative,32,presentation,pos,terrible,1
anon-35,informative,33,monologue,neg,terrible,2
anon-35,both,34,poem,pos,terrible,1
anon-35,informative,35,recital,neg,okay,1
anon-35,informative,36,song,pos,okay,3
anon-35,informative,37,dance,neg,bad,2
anon-35,social,38,recital,pos,amazing,4
anon-35,no_goal,39,recital,pos,terrible,1
anon-35,no_goal,40,app,pos,bad,1
anon-36,social,1,solo,neg,amazing,1
anon-36,both,2,song,pos,good,4
anon-36,social,3,dance,neg,okay,1
anon-36,informative,4,app,pos,bad,1
anon-36,social,5,review,pos,good,4
anon-36,no_goal,6,solo,neg,terrible,2
anon-36,informative,7,recital,pos,good,4
anon-36,no_goal,8,song,neg,bad,3
anon-36,informative,9,presentation,pos,amazing,5
anon-36,social,10,presentation,pos,bad,1
anon-36,informative,11,cookie,neg,good,1
anon-36,no_goal,12,recital,neg,amazing,2
anon-36,social,13,cookie,neg,terrible,2
anon-36,both,14,app,pos,amazing,5
anon-36,informative,15,film,neg,terrible,2
anon-36,both,16,solo,pos,okay,3
anon-36,both,17,monologue,neg,terrible,2
anon-36,no_goal,18,app,neg,okay,1
anon-36,no_goal,19,cake,pos,okay,3
anon-36,social,20,painting,pos,amazing,3
anon-36,both,21,poem,pos,bad,1
anon-36,no_goal,22,monologue,neg,good,1
anon-36,social,23,poem,neg,good,1
anon-36,both,24,review,neg,amazing,2
anon-36,informative,25,cake,neg,amazing,1
anon-36,no_goal,26,cookie,pos,bad,1
anon-36,no_goal,27,poem,pos,amazing,5
anon-36,informative,28,review,neg,bad,3
anon-36,social,29,recital,pos,terrible,1
anon-36,no_goal,30,dance,pos,good,3
anon-36,both,31,dance,pos,terrible,1
anon-36,both,32,film,neg,good,1
anon-36,no_goal,33,painting,pos,terrible,1
anon-36,informative,34,monologue,pos,okay,3
anon-36,both,35,recital,neg,bad,2
anon-36,informative,36,painting,neg,okay,1
anon-36,both,37,presentation,neg,okay,1
anon-36,social,38,cake,neg,bad,2
anon-36,social,39,film,pos,okay,2
anon-36,informative,40,song,pos,terrible,1
anon-37,social,1,app,neg,amazing,3
anon-37,no_goal,2,review,neg,okay,2
anon-37,social,3,monologue,pos,good,4
anon-37,informative,4,monologue,neg,bad,3
anon-37,informative,5,review,pos,bad,1
anon-37,social,6,presentation,pos,terrible,1
anon-37,both,7,recital,pos,good,4
anon-37,social,8,cookie,neg,terrible,3
anon-37,both,9,monologue,neg,amazing,3
anon-37,informative,10,cookie,neg,good,2
anon-37,no_goal,11,poem,pos,okay,3
anon-37,no_goal,12,presentation,neg,amazing,2
anon-37,social,13,song,pos,okay,3
anon-37,informative,14,recital,pos,terrible,1
anon-37,social,15,cake,pos,amazing,3
anon-37,social,16,film,neg,okay,2
anon-37,no_goal,17,painting,pos,amazing,4
anon-37,informative,18,song,neg,terrible,2
anon-37,both,19,presentation,neg,bad,3
anon-37,no_goal,20,recital,neg,bad,2
anon-37,informative,21,poem,neg,amazing,3
anon-37,informative,22,presentation,pos,good,4
anon-37,no_goal,23,cake,pos,terrible,1
anon-37,social,24,poem,neg,bad,3
anon-37,both,25,painting,pos,bad,2
anon-37,both,26,song,neg,good,2
anon-37,both,27,dance,neg,okay,2
anon-37,no_goal,28,film,pos,good,4
anon-37,no_goal,29,solo,neg,good,3
anon-37,informative,30,solo,pos,okay,3
anon-37,informative,31,dance,pos,amazing,5
anon-37,both,32,film,pos,terrible,1
anon-37,social,33,painting,neg,good,2
anon-37,both,34,solo,neg,terrible,2
anon-37,both,35,app,pos,okay,3
anon-37,informative,36,cake,neg,okay,2
anon-37,no_goal,37,cookie,pos,bad,2
anon-37,social,38,dance,pos,bad,3
anon-37,both,39,review,pos,amazing,5
anon-37,no_goal,40,app,neg,terrible,2
anon-38,both,1,painting,pos,amazing,3
anon-38,social,2,app,pos,okay,3
anon-38,no_goal,3,poem,neg,bad,3
anon-38,informative,4,film,pos,amazing,5
anon-38,social,5,recital,neg,amazing,5
anon-38,informative,6,presentation,neg,good,2
anon-38,social,7,cake,neg,okay,2
anon-38,informative,8,solo,neg,amazing,3
anon-38,both,9,app,neg,good,2
anon-38,no_goal,10,dance,pos,terrible,1
anon-38,informative,11,app,neg,terrible,3
anon-38,no_goal,12,review,neg,amazing,3
anon-38,social,13,solo,neg,bad,3
anon-38,social,14,monologue,neg,good,3
anon-38,both,15,cookie,neg,terrible,3
anon-38,no_goal,16,monologue,pos,amazing,4
anon-38,informative,17,poem,pos,terrible,4
anon-38,both,18,cake,pos,terrible,1
anon-38,no_goal,19,painting,neg,okay,3
anon-38,informative,20,painting,pos,bad,1
anon-38,both,21,song,neg,amazing,3
anon-38,both,22,monologue,pos,bad,3
anon-38,both,23,poem,pos,good,4
anon-38,no_goal,24,cake,pos,good,4
anon-38,informative,25,cookie,pos,okay,3
anon-38,no_goal,26,cookie,neg,good,1
anon-38,no_goal,27,presentation,pos,bad,1
anon-38,social,28,dance,pos,amazing,4
anon-38,both,29,film,neg,okay,1
anon-38,no_goal,30,solo,pos,okay,3
anon-38,both,31,recital,pos,okay,3
anon-38,informative,32,song,neg,bad,1
anon-38,social,33,presentation,neg,terrible,3
anon-38,both,34,review,neg,bad,3
anon-38,social,35,song,pos,good,4
anon-38,social,36,film,pos,bad,1
anon-38,social,37,review,pos,terrible,1
anon-38,informative,38,dance,neg,okay,2
anon-38,informative,39,review,pos,good,4
anon-38,no_goal,40,recital,neg,terrible,1
anon-39,social,1,monologue,pos,amazing,3
anon-39,social,2,dance,neg,okay,1
anon-39,no_goal,3,film,pos,amazing,4
anon-39,social,4,song,neg,amazing,1
anon-39,informative,5,cake,neg,good,2
anon-39,no_goal,6,poem,neg,amazing,2
anon-39,social,7,poem,pos,terrible,1
anon-39,social,8,film,neg,good,1
anon-39,both,9,review,pos,amazing,5
anon-39,no_goal,10,monologue,pos,terrible,1
anon-39,informative,11,solo,neg,bad,3
anon-39,both,12,recital,neg,okay,2
anon-39,social,13,solo,pos,good,3
anon-39,both,14,film,pos,bad,1
anon-39,social,15,presentation,neg,bad,3
anon-39,no_goal,16,song,neg,terrible,3
anon-39,both,17,song,pos,okay,3
anon-39,informative,18,review,pos,bad,2
anon-39,informative,19,poem,pos,good,4
anon-39,no_goal,20,cake,pos,bad,1
anon-39,informative,21,painting,pos,terrible,1
anon-39,no_goal,22,review,neg,okay,2
anon-39,no_goal,23,presentation,pos,okay,3
anon-39,both,24,solo,neg,amazing,2
anon-39,both,25,painting,pos,good,4
anon-39,both,26,poem,neg,bad,3
anon-39,informative,27,app,neg,terrible,2
anon-39,both,28,app,neg,good,2
anon-39,both,29,cookie,neg,terrible,2
anon-39,informative,30,presentation,neg,amazing,2
anon-39,no_goal,31,cookie,neg,good,2
anon-39,informative,32,recital,pos,amazing,5
anon-39,no_goal,33,dance,pos,good,4
anon-39,informative,34,cookie,pos,okay,3
anon-39,both,35,dance,pos,terrible,1
anon-39,informative,36,monologue,neg,okay,2
anon-39,no_goal,37,painting,neg,bad,3
anon-39,social,38,app,pos,okay,3
anon-39,social,39,recital,pos,bad,1
anon-39,social,40,cake,neg,terrible,2
anon-4,no_goal,1,app,pos,terrible,1
anon-4,social,2,painting,neg,amazing,1
anon-4,informative,3,solo,pos,okay,3
anon-4,both,4,cookie,neg,bad,3
anon-4,informative,5,cookie,pos,good,4
anon-4,informative,6,review,neg,bad,3
anon-4,no_goal,7,film,neg,okay,1
anon-4,informative,8,cake,neg,terrible,2
anon-4,both,9,solo,neg,terrible,2
anon-4,no_goal,10,painting,neg,terrible,1
anon-4,social,11,cake,pos,okay,1
anon-4,both,12,presentation,pos,bad,1
anon-4,social,13,presentation,neg,good,1
anon-4,both,14,cake,neg,good,2
anon-4,both,15,recital,pos,good,4
anon-4,informative,16,app,neg,okay,2
anon-4,social,17,cookie,pos,terrible,1
anon-4,no_goal,18,recital,neg,bad,3
anon-4,no_goal,19,presentation,pos,amazing,5
anon-4,social,20,monologue,pos,bad,1
anon-4,both,21,painting,pos,okay,3
anon-4,no_goal,22,cookie,neg,amazing,2
anon-4,both,23,film,pos,amazing,5
anon-4,both,24,monologue,neg,okay,2
anon-4,informative,25,dance,neg,good,2
anon-4,no_goal,26,solo,neg,good,1
anon-4,informative,27,monologue,pos,amazing,5
anon-4,social,28,poem,neg,okay,1
anon-4,both,29,review,neg,amazing,2
anon-4,no_goal,30,dance,pos,bad,1
anon-4,social,31,review,pos,good,2
anon-4,social,32,dance,neg,terrible,1
anon-4,no_goal,33,poem,pos,good,4
anon-4,informative,34,film,pos,bad,1
anon-4,social,35,app,pos,amazing,3
anon-4,social,36,song,neg,bad,1
anon-4,both,37,poem,pos,terrible,1
anon-4,informative,38,recital,pos,terrible,1
anon-4,no_goal,39,song,pos,okay,3
anon-4,informative,40,song,neg,amazing,3
anon-5,social,1,poem,neg,terrible,3
anon-5,no_goal,2,cake,neg,bad,3
anon-5,no_goal,3,song,neg,terrible,3
anon-5,both,4,cookie,neg,amazing,5
anon-5,social,5,film,neg,okay,3
anon-5,informative,6,dance,neg,okay,3
anon-5,social,7,recital,pos,okay,5
anon-5,no_goal,8,painting,neg,amazing,3
anon-5,no_goal,9,poem,pos,bad,1
anon-5,social,10,monologue,pos,bad,1
anon-5,no_goal,11,solo,pos,okay,4
anon-5,social,12,solo,neg,bad,5
anon-5,both,13,recital,neg,good,2
anon-5,social,14,presentation,neg,good,2
anon-5,both,15,song,pos,okay,3
anon-5,both,16,presentation,pos,bad,2
anon-5,informative,17,app,pos,okay,3
anon-5,informative,18,review,pos,bad,2
anon-5,both,19,review,pos,amazing,2
anon-5,both,20,monologue,neg,okay,3
anon-5,informative,21,cookie,neg,bad,2
anon-5,social,22,song,neg,amazing,2
anon-5,no_goal,23,film,pos,good,4
anon-5,informative,24,solo,neg,amazing,2
anon-5,social,25,painting,pos,terrible,3
anon-5,no_goal,26,review,neg,okay,2
anon-5,informative,27,poem,neg,good,3
anon-5,no_goal,28,presentation,pos,amazing,5
anon-5,informative,29,cake,pos,terrible,1
anon-5,informative,30,recital,neg,terrible,3
anon-5,both,31,film,pos,terrible,1
anon-5,social,32,cookie,pos,good,4
anon-5,no_goal,33,dance,pos,terrible,1
anon-5,both,34,app,neg,terrible,1
anon-5,both,35,painting,neg,bad,1
anon-5,no_goal,36,app,neg,good,1
anon-5,informative,37,monologue,pos,amazing,5
anon-5,informative,38,painting,pos,good,4
anon-5,both,39,cake,pos,good,4
anon-5,social,40,dance,pos,amazing,5
anon-6,informative,1,monologue,pos,okay,3
anon-6,social,2,painting,neg,okay,1
anon-6,both,3,review,pos,amazing,5
anon-6,no_goal,4,recital,pos,terrible,1
anon-6,informative,5,dance,pos,amazing,5
anon-6,no_goal,6,review,neg,okay,1
anon-6,no_goal,7,poem,pos,okay,3
anon-6,social,8,solo,pos,good,4
anon-6,no_goal,9,painting,pos,good,4
anon-6,informative,10,solo,neg,bad,3
anon-6,social,11,app,pos,okay,3
anon-6,social,12,film,neg,amazing,3
anon-6,no_goal,13,monologue,neg,good,1
anon-6,both,14,presentation,pos,bad,1
anon-6,both,15,painting,pos,terrible,3
anon-6,social,16,poem,neg,bad,3
anon-6,both,17,solo,neg,amazing,2
anon-6,both,18,song,neg,bad,3
anon-6,social,19,recital,pos,amazing,5
anon-6,both,20,monologue,neg,terrible,3
anon-6,no_goal,21,presentation,pos,amazing,5
anon-6,informative,22,app,neg,terrible,3
anon-6,no_goal,23,film,neg,terrible,3
anon-6,informative,24,cookie,pos,terrible,1
anon-6,social,25,dance,pos,bad,1
anon-6,informative,26,cake,neg,good,1
anon-6,no_goal,27,cookie,neg,bad,3
anon-6,social,28,cake,neg,terrible,3
anon-6,both,29,dance,neg,okay,1
anon-6,informative,30,song,pos,good,4
anon-6,both,31,film,pos,okay,3
anon-6,no_goal,32,cake,pos,bad,1
anon-6,no_goal,33,song,neg,amazing,3
anon-6,both,34,cookie,pos,good,4
anon-6,informative,35,review,pos,bad,1
anon-6,social,36,song,pos,terrible,3
anon-6,informative,37,recital,neg,okay,1
anon-6,both,38,app,neg,good,1
anon-6,informative,39,poem,neg,amazing,1
anon-6,social,40,presentation,neg,good,1
anon-7,no_goal,1,cake,neg,amazing,1
anon-7,both,2,review,neg,amazing,3
anon-7,no_goal,3,poem,neg,bad,3
anon-7,social,4,painting,pos,amazing,3
anon-7,no_goal,5,monologue,neg,okay,2
anon-7,informative,6,recital,pos,okay,3
anon-7,both,7,app,pos,bad,2
anon-7,informative,8,film,neg,amazing,2
anon-7,informative,9,solo,neg,good,2
anon-7,social,10,cookie,pos,bad,1
anon-7,both,11,recital,neg,terrible,3
anon-7,no_goal,12,painting,pos,terrible,1
anon-7,social,13,review,pos,good,3
anon-7,both,14,cake,neg,bad,3
anon-7,both,15,dance,pos,okay,3
anon-7,social,16,song,neg,okay,1
anon-7,informative,17,monologue,pos,bad,2
anon-7,informative,18,presentation,neg,terrible,2
anon-7,informative,19,cake,pos,good,4
anon-7,social,20,solo,neg,terrible,1
anon-7,social,21,app,neg,good,1
anon-7,informative,22,painting,neg,okay,2
anon-7,no_goal,23,app,pos,amazing,4
anon-7,both,24,song,pos,terrible,1
anon-7,both,25,cookie,neg,okay,1
anon-7,informative,26,cookie,pos,amazing,5
anon-7,social,27,film,neg,bad,2
anon-7,no_goal,28,solo,pos,bad,2
anon-7,both,29,poem,pos,good,4
anon-7,no_goal,30,film,pos,okay,3
anon-7,social,31,presentation,pos,okay,3
anon-7,informative,32,poem,pos,terrible,1
anon-7,social,33,cake,pos,terrible,1
anon-7,both,34,monologue,pos,amazing,5
anon-7,both,35,presentation,neg,good,1
anon-7,no_goal,36,recital,neg,good,1
anon-7,no_goal,37,dance,neg,terrible,2
anon-7,informative,38,review,neg,bad,3
anon-7,no_goal,39,song,pos,good,4
anon-7,social,40,dance,neg,amazing,2
anon-8,no_goal,1,solo,neg,bad,1
anon-8,no_goal,2,cookie,pos,terrible,1
anon-8,both,3,painting,neg,amazing,2
anon-8,informative,4,song,pos,amazing,5
anon-8,both,5,app,neg,good,2
anon-8,no_goal,6,recital,pos,okay,3
anon-8,no_goal,7,film,pos,amazing,5
anon-8,social,8,poem,pos,terrible,1
anon-8,social,9,song,pos,bad,1
anon-8,no_goal,10,cake,neg,terrible,2
anon-8,informative,11,monologue,pos,bad,1
anon-8,no_goal,12,presentation,neg,good,2
anon-8,both,13,dance,pos,terrible,1
anon-8,social,14,dance,neg,okay,1
anon-8,informative,15,cookie,neg,okay,2
anon-8,both,16,poem,neg,bad,2
anon-8,social,17,recital,neg,bad,1
anon-8,social,18,cake,neg,amazing,2
anon-8,informative,19,app,neg,terrible,2
anon-8,informative,20,poem,pos,good,4
anon-8,social,21,cookie,pos,amazing,2
anon-8,both,22,solo,pos,good,4
anon-8,informative,23,solo,pos,terrible,1
anon-8,informative,24,painting,neg,bad,2
anon-8,informative,25,recital,neg,amazing,2
anon-8,informative,26,presentation,pos,okay,3
anon-8,no_goal,27,dance,pos,good,4
anon-8,no_goal,28,review,pos,bad,1
anon-8,social,29,review,neg,terrible,2
anon-8,social,30,film,neg,good,1
anon-8,social,31,painting,pos,good,2
anon-8,social,32,app,pos,okay,1
anon-8,both,33,cake,pos,okay,3
anon-8,both,34,song,neg,okay,2
anon-8,informative,35,review,neg,good,3
anon-8,both,36,presentation,neg,terrible,2
anon-8,no_goal,37,monologue,neg,okay,2
anon-8,no_goal,38,poem,neg,amazing,2
anon-8,both,39,monologue,pos,amazing,5
anon-8,both,40,film,pos,bad,1
anon-9,informative,1,film,pos,good,2
anon-9,social,2,poem,pos,bad,1
anon-9,both,3,poem,neg,okay,2
anon-9,social,4,painting,pos,amazing,3
anon-9,no_goal,5,review,pos,amazing,5
anon-9,both,6,review,pos,bad,2
anon-9,both,7,cookie,neg,terrible,2
anon-9,no_goal,8,monologue,pos,good,3
anon-9,both,9,cake,neg,amazing,1
anon-9,social,10,dance,neg,amazing,1
anon-9,informative,11,recital,neg,terrible,3
anon-9,no_goal,12,cookie,neg,good,2
anon-9,social,13,song,neg,terrible,2
anon-9,no_goal,14,presentation,neg,okay,1
anon-9,both,15,monologue,pos,terrible,1
anon-9,social,16,film,pos,terrible,1
anon-9,no_goal,17,dance,neg,terrible,3
anon-9,both,18,solo,pos,good,2
anon-9,social,19,monologue,neg,okay,1
anon-9,both,20,film,neg,bad,2
anon-9,social,21,review,neg,good,1
anon-9,social,22,cake,pos,good,3
anon-9,informative,23,cookie,pos,okay,3
anon-9,both,24,presentation,pos,amazing,4
anon-9,no_goal,25,song,pos,bad,2
anon-9,no_goal,26,painting,pos,terrible,1
anon-9,both,27,dance,pos,okay,1
anon-9,informative,28,presentation,pos,bad,1
anon-9,informative,29,painting,neg,okay,2
anon-9,no_goal,30,film,neg,amazing,2
anon-9,no_goal,31,app,pos,okay,2
anon-9,informative,32,cake,neg,bad,3
anon-9,informative,33,song,neg,good,2
anon-9,no_goal,34,solo,neg,bad,2
anon-9,social,35,app,neg,bad,1
anon-9,informative,36,app,neg,amazing,2
anon-9,informative,37,solo,pos,terrible,1
anon-9,informative,38,poem,pos,amazing,5
anon-9,social,39,recital,pos,okay,2
anon-9,both,40,recital,neg,good,2